catalogue_key,make,model_group,generation_name,chassis_platform_code,production_start_year,production_end_year,year_basis,scope_note,bg_market_evidence,bg_market_catalogue_source_url,bg_market_context_source_url,technical_source_name,technical_source_url,priority,priority_reason,confidence,local_confirmation_required,source_checked_on
volkswagen__golf__golf-iv__1j-1j1-1j5,Volkswagen,Golf,Golf IV,1J (1J1/1J5),1997,2006,歐洲市場、年級精度；同世代車身重疊時採本列 scope 的最早起始/最晚結束年,歐洲 Golf hatch/Variant；Golf Plus、Sportsvan 與 Cabrio 不納入。不同車身/年份仍須以 OE 號或 VIN 配對。,MEGAPARTS 以世代/車身建立 VW 拆車件目錄；2025 年二手登記 VW 約 14.5% 居首，MVR 衍生車隊統計亦居首，Golf/Passat 被點名為常見車型。,https://www.megaparts.bg/products/avtochasti/volkswagen/golf-iv-variant,https://automedia.investor.bg/a/2-novini/63923-eto-nay-tarsenite-koli-na-staro-v-balgariya-prez-2025,Volkswagen Newsroom — Golf model history/archive,https://www.volkswagen-newsroom.com/en/the-new-golf-international-vehicle-presentation-5609/the-history-of-the-golf-5625,P0,首發核心：品牌/車型在保加利亞車隊或二手登記量高，且本地世代化拆車件供給明確。,high,false,2026-09-07
volkswagen__golf__golf-v__1k-1k1-1k5,Volkswagen,Golf,Golf V,1K (1K1/1K5),2003,2009,歐洲市場、年級精度；同世代車身重疊時採本列 scope 的最早起始/最晚結束年,歐洲 Golf hatch/Variant；Golf Plus、Sportsvan 與 Cabrio 不納入。不同車身/年份仍須以 OE 號或 VIN 配對。,MEGAPARTS 以世代/車身建立 VW 拆車件目錄；2025 年二手登記 VW 約 14.5% 居首，MVR 衍生車隊統計亦居首，Golf/Passat 被點名為常見車型。,https://www.megaparts.bg/products/avtochasti/volkswagen/golf-iv-variant,https://automedia.investor.bg/a/2-novini/63923-eto-nay-tarsenite-koli-na-staro-v-balgariya-prez-2025,Volkswagen Newsroom — Golf model history/archive,https://www.volkswagen-newsroom.com/en/the-new-golf-international-vehicle-presentation-5609/the-history-of-the-golf-5625,P0,首發核心：品牌/車型在保加利亞車隊或二手登記量高，且本地世代化拆車件供給明確。,high,false,2026-09-07
volkswagen__golf__golf-vi__5k-aj-5k1-aj5,Volkswagen,Golf,Golf VI,5K/AJ (5K1/AJ5),2008,2013,歐洲市場、年級精度；同世代車身重疊時採本列 scope 的最早起始/最晚結束年,歐洲 Golf hatch/Variant；Golf Plus、Sportsvan 與 Cabrio 不納入。不同車身/年份仍須以 OE 號或 VIN 配對。,MEGAPARTS 以世代/車身建立 VW 拆車件目錄；2025 年二手登記 VW 約 14.5% 居首，MVR 衍生車隊統計亦居首，Golf/Passat 被點名為常見車型。,https://www.megaparts.bg/products/avtochasti/volkswagen/golf-iv-variant,https://automedia.investor.bg/a/2-novini/63923-eto-nay-tarsenite-koli-na-staro-v-balgariya-prez-2025,Volkswagen Newsroom — Golf model history/archive,https://www.volkswagen-newsroom.com/en/the-new-golf-international-vehicle-presentation-5609/the-history-of-the-golf-5625,P0,首發核心：品牌/車型在保加利亞車隊或二手登記量高，且本地世代化拆車件供給明確。,high,false,2026-09-07
volkswagen__golf__golf-vii__5g-ba-5g1-ba5,Volkswagen,Golf,Golf VII,5G/BA (5G1/BA5),2012,2020,歐洲市場、年級精度；同世代車身重疊時採本列 scope 的最早起始/最晚結束年,歐洲 Golf hatch/Variant；Golf Plus、Sportsvan 與 Cabrio 不納入。不同車身/年份仍須以 OE 號或 VIN 配對。,MEGAPARTS 以世代/車身建立 VW 拆車件目錄；2025 年二手登記 VW 約 14.5% 居首，MVR 衍生車隊統計亦居首，Golf/Passat 被點名為常見車型。,https://www.megaparts.bg/products/avtochasti/volkswagen/golf-iv-variant,https://automedia.investor.bg/a/2-novini/63923-eto-nay-tarsenite-koli-na-staro-v-balgariya-prez-2025,Volkswagen Newsroom — Golf model history/archive,https://www.volkswagen-newsroom.com/en/the-new-golf-international-vehicle-presentation-5609/the-history-of-the-golf-5625,P0,首發核心：品牌/車型在保加利亞車隊或二手登記量高，且本地世代化拆車件供給明確。,high,false,2026-09-07
volkswagen__passat__b5-pre-facelift__3b-3b2-3b5,Volkswagen,Passat,B5 (pre-facelift),3B (3B2/3B5),1996,2000,歐洲市場、年級精度；同世代車身重疊時採本列 scope 的最早起始/最晚結束年,歐洲 sedan/Variant；CC、Alltrack 不納入。B5.5 為零件營運分段，不代表原廠另立完整世代。,MEGAPARTS 以世代/車身建立 VW 拆車件目錄；2025 年二手登記 VW 約 14.5% 居首，MVR 衍生車隊統計亦居首，Golf/Passat 被點名為常見車型。,https://www.megaparts.bg/products/avtochasti/volkswagen/golf-iv-variant,https://automedia.investor.bg/a/2-novini/63923-eto-nay-tarsenite-koli-na-staro-v-balgariya-prez-2025,Volkswagen Newsroom — Passat model archive,https://www.volkswagen-newsroom.com/en/passat-b5-19962005-19546,P1,首版納入：本地可見穩定拆車件供給或車隊基礎，但排序在最高量核心車型之後。,medium,true,2026-09-07
volkswagen__passat__b5-5-facelift-operational-split__3bg-3b3-3b6,Volkswagen,Passat,B5.5 (facelift; operational split),3BG (3B3/3B6),2000,2005,歐洲市場、年級精度；同世代車身重疊時採本列 scope 的最早起始/最晚結束年,歐洲 sedan/Variant；CC、Alltrack 不納入。B5.5 為零件營運分段，不代表原廠另立完整世代。,MEGAPARTS 以世代/車身建立 VW 拆車件目錄；2025 年二手登記 VW 約 14.5% 居首，MVR 衍生車隊統計亦居首，Golf/Passat 被點名為常見車型。,https://www.megaparts.bg/products/avtochasti/volkswagen/golf-iv-variant,https://automedia.investor.bg/a/2-novini/63923-eto-nay-tarsenite-koli-na-staro-v-balgariya-prez-2025,Volkswagen Newsroom — Passat model archive,https://www.volkswagen-newsroom.com/en/passat-b5-19962005-19546,P0,首發核心：品牌/車型在保加利亞車隊或二手登記量高，且本地世代化拆車件供給明確。,medium,true,2026-09-07
volkswagen__passat__b6__3c-3c2-3c5,Volkswagen,Passat,B6,3C (3C2/3C5),2005,2010,歐洲市場、年級精度；同世代車身重疊時採本列 scope 的最早起始/最晚結束年,歐洲 sedan/Variant；CC、Alltrack 不納入。B5.5 為零件營運分段，不代表原廠另立完整世代。,MEGAPARTS 以世代/車身建立 VW 拆車件目錄；2025 年二手登記 VW 約 14.5% 居首，MVR 衍生車隊統計亦居首，Golf/Passat 被點名為常見車型。,https://www.megaparts.bg/products/avtochasti/volkswagen/golf-iv-variant,https://automedia.investor.bg/a/2-novini/63923-eto-nay-tarsenite-koli-na-staro-v-balgariya-prez-2025,Volkswagen Newsroom — Passat model archive,https://www.volkswagen-newsroom.com/en/passat-17451,P0,首發核心：品牌/車型在保加利亞車隊或二手登記量高，且本地世代化拆車件供給明確。,high,false,2026-09-07
volkswagen__passat__b7__3c-362-365,Volkswagen,Passat,B7,3C (362/365),2010,2014,歐洲市場、年級精度；同世代車身重疊時採本列 scope 的最早起始/最晚結束年,歐洲 sedan/Variant；CC、Alltrack 不納入。B5.5 為零件營運分段，不代表原廠另立完整世代。,MEGAPARTS 以世代/車身建立 VW 拆車件目錄；2025 年二手登記 VW 約 14.5% 居首，MVR 衍生車隊統計亦居首，Golf/Passat 被點名為常見車型。,https://www.megaparts.bg/products/avtochasti/volkswagen/golf-iv-variant,https://automedia.investor.bg/a/2-novini/63923-eto-nay-tarsenite-koli-na-staro-v-balgariya-prez-2025,Volkswagen Newsroom — Passat model archive,https://www.volkswagen-newsroom.com/en/passat-17451,P0,首發核心：品牌/車型在保加利亞車隊或二手登記量高，且本地世代化拆車件供給明確。,high,false,2026-09-07
volkswagen__passat__b8__3g-3g2-3g5,Volkswagen,Passat,B8,3G (3G2/3G5),2014,2023,歐洲市場、年級精度；同世代車身重疊時採本列 scope 的最早起始/最晚結束年,歐洲 sedan/Variant；CC、Alltrack 不納入。B5.5 為零件營運分段，不代表原廠另立完整世代。,MEGAPARTS 以世代/車身建立 VW 拆車件目錄；2025 年二手登記 VW 約 14.5% 居首，MVR 衍生車隊統計亦居首，Golf/Passat 被點名為常見車型。,https://www.megaparts.bg/products/avtochasti/volkswagen/golf-iv-variant,https://automedia.investor.bg/a/2-novini/63923-eto-nay-tarsenite-koli-na-staro-v-balgariya-prez-2025,Volkswagen Newsroom — Passat model archive,https://www.volkswagen-newsroom.com/en/passat-17451,P0,首發核心：品牌/車型在保加利亞車隊或二手登記量高，且本地世代化拆車件供給明確。,high,false,2026-09-07
volkswagen__polo__polo-iii__6n-6n1-6n2,Volkswagen,Polo,Polo III,6N (6N1/6N2),1994,2001,歐洲市場、年級精度；同世代車身重疊時採本列 scope 的最早起始/最晚結束年,歐洲 hatch；Polo Classic/Variant 與區域 sedan 不納入。,MEGAPARTS 以世代/車身建立 VW 拆車件目錄；2025 年二手登記 VW 約 14.5% 居首，MVR 衍生車隊統計亦居首，Golf/Passat 被點名為常見車型。,https://www.megaparts.bg/products/avtochasti/volkswagen/golf-iv-variant,https://automedia.investor.bg/a/2-novini/63923-eto-nay-tarsenite-koli-na-staro-v-balgariya-prez-2025,Volkswagen Newsroom — Polo model archive,https://www.volkswagen-newsroom.com/en/polo-3-19942001-19147,P2,低排序保留：世代較老、供給較薄或命名/車身邊界需先由本地庫存驗證。,high,false,2026-09-07
volkswagen__polo__polo-iv__9n-9n1-9n3,Volkswagen,Polo,Polo IV,9N (9N1/9N3),2001,2009,歐洲市場、年級精度；同世代車身重疊時採本列 scope 的最早起始/最晚結束年,歐洲 hatch；Polo Classic/Variant 與區域 sedan 不納入。,MEGAPARTS 以世代/車身建立 VW 拆車件目錄；2025 年二手登記 VW 約 14.5% 居首，MVR 衍生車隊統計亦居首，Golf/Passat 被點名為常見車型。,https://www.megaparts.bg/products/avtochasti/volkswagen/golf-iv-variant,https://automedia.investor.bg/a/2-novini/63923-eto-nay-tarsenite-koli-na-staro-v-balgariya-prez-2025,Volkswagen Newsroom — Polo model archive,https://www.volkswagen-newsroom.com/en/polo-iv-20012009-19150,P1,首版納入：本地可見穩定拆車件供給或車隊基礎，但排序在最高量核心車型之後。,high,false,2026-09-07
volkswagen__polo__polo-v__6r-6c,Volkswagen,Polo,Polo V,6R/6C,2009,2017,歐洲市場、年級精度；同世代車身重疊時採本列 scope 的最早起始/最晚結束年,歐洲 hatch；Polo Classic/Variant 與區域 sedan 不納入。,MEGAPARTS 以世代/車身建立 VW 拆車件目錄；2025 年二手登記 VW 約 14.5% 居首，MVR 衍生車隊統計亦居首，Golf/Passat 被點名為常見車型。,https://www.megaparts.bg/products/avtochasti/volkswagen/golf-iv-variant,https://automedia.investor.bg/a/2-novini/63923-eto-nay-tarsenite-koli-na-staro-v-balgariya-prez-2025,Volkswagen Newsroom — Polo model archive,https://www.volkswagen-newsroom.com/en/polo-5-20092017-20044,P1,首版納入：本地可見穩定拆車件供給或車隊基礎，但排序在最高量核心車型之後。,high,false,2026-09-07
volkswagen__touran__touran-i__1t-1t1-1t2-1t3,Volkswagen,Touran,Touran I,1T (1T1/1T2/1T3),2003,2015,歐洲市場、年級精度；同世代車身重疊時採本列 scope 的最早起始/最晚結束年,第一代 1T 的三個型式碼合併為一個原廠世代；facelift 外觀件不可直接互配。,MEGAPARTS 以世代/車身建立 VW 拆車件目錄；2025 年二手登記 VW 約 14.5% 居首，MVR 衍生車隊統計亦居首，Golf/Passat 被點名為常見車型。,https://www.megaparts.bg/products/avtochasti/volkswagen/golf-iv-variant,https://automedia.investor.bg/a/2-novini/63923-eto-nay-tarsenite-koli-na-staro-v-balgariya-prez-2025,Volkswagen Newsroom — Touran I archive,https://www.volkswagen-newsroom.com/en/engine-versions-touran-1-profile-19721,P1,首版納入：本地可見穩定拆車件供給或車隊基礎，但排序在最高量核心車型之後。,medium,true,2026-09-07
volkswagen__tiguan__tiguan-i__5n,Volkswagen,Tiguan,Tiguan I,5N,2007,2016,歐洲市場、年級精度；同世代車身重疊時採本列 scope 的最早起始/最晚結束年,歐洲短軸主體；第二代 Allspace/BW2 外觀與車身件不假設通用。,MEGAPARTS 以世代/車身建立 VW 拆車件目錄；2025 年二手登記 VW 約 14.5% 居首，MVR 衍生車隊統計亦居首，Golf/Passat 被點名為常見車型。,https://www.megaparts.bg/products/avtochasti/volkswagen/golf-iv-variant,https://automedia.investor.bg/a/2-novini/63923-eto-nay-tarsenite-koli-na-staro-v-balgariya-prez-2025,Volkswagen Newsroom — Tiguan history,https://www.volkswagen-newsroom.com/en/tiguan-6611,P1,首版納入：本地可見穩定拆車件供給或車隊基礎，但排序在最高量核心車型之後。,high,false,2026-09-07
volkswagen__tiguan__tiguan-ii__ad1-bw2-allspace-separate-fitment,Volkswagen,Tiguan,Tiguan II,AD1 (BW2 Allspace separate fitment),2016,2024,歐洲市場、年級精度；同世代車身重疊時採本列 scope 的最早起始/最晚結束年,歐洲短軸主體；第二代 Allspace/BW2 外觀與車身件不假設通用。,MEGAPARTS 以世代/車身建立 VW 拆車件目錄；2025 年二手登記 VW 約 14.5% 居首，MVR 衍生車隊統計亦居首，Golf/Passat 被點名為常見車型。,https://www.megaparts.bg/products/avtochasti/volkswagen/golf-iv-variant,https://automedia.investor.bg/a/2-novini/63923-eto-nay-tarsenite-koli-na-staro-v-balgariya-prez-2025,Volkswagen Newsroom — Tiguan history,https://www.volkswagen-newsroom.com/en/tiguan-6611,P1,首版納入：本地可見穩定拆車件供給或車隊基礎，但排序在最高量核心車型之後。,high,false,2026-09-07
mercedes-benz__c-class__w202-s202__w202-s202,Mercedes-Benz,C-Class,W202/S202,W202/S202,1993,2001,歐洲市場、年級精度；同世代車身重疊時採本列 scope 的最早起始/最晚結束年,核心 sedan/estate 世代；SportCoupé/coupé/cabriolet 只在底盤碼明確相同時另做 fitment，不因 C-Class 名稱自動通用。,MEGAPARTS 有按 W/S/C 底盤系列區分的 Mercedes-Benz 拆車件；2025 年二手登記約 12%，MVR 衍生統計為保加利亞第三大車隊品牌。,https://www.megaparts.bg/products/avtochasti/mercedes-benz/cla-class-sedan-c118,https://automedia.investor.bg/a/2-novini/63923-eto-nay-tarsenite-koli-na-staro-v-balgariya-prez-2025,Mercedes-Benz Public Archive — model series archive,https://mercedes-benz-publicarchive.com/,P2,低排序保留：世代較老、供給較薄或命名/車身邊界需先由本地庫存驗證。,high,false,2026-09-07
mercedes-benz__c-class__w203-s203__w203-s203,Mercedes-Benz,C-Class,W203/S203,W203/S203,2000,2007,歐洲市場、年級精度；同世代車身重疊時採本列 scope 的最早起始/最晚結束年,核心 sedan/estate 世代；SportCoupé/coupé/cabriolet 只在底盤碼明確相同時另做 fitment，不因 C-Class 名稱自動通用。,MEGAPARTS 有按 W/S/C 底盤系列區分的 Mercedes-Benz 拆車件；2025 年二手登記約 12%，MVR 衍生統計為保加利亞第三大車隊品牌。,https://www.megaparts.bg/products/avtochasti/mercedes-benz/cla-class-sedan-c118,https://automedia.investor.bg/a/2-novini/63923-eto-nay-tarsenite-koli-na-staro-v-balgariya-prez-2025,Mercedes-Benz Public Archive — model series archive,https://mercedes-benz-publicarchive.com/,P0,首發核心：品牌/車型在保加利亞車隊或二手登記量高，且本地世代化拆車件供給明確。,high,false,2026-09-07
mercedes-benz__c-class__w204-s204__w204-s204,Mercedes-Benz,C-Class,W204/S204,W204/S204,2007,2014,歐洲市場、年級精度；同世代車身重疊時採本列 scope 的最早起始/最晚結束年,核心 sedan/estate 世代；SportCoupé/coupé/cabriolet 只在底盤碼明確相同時另做 fitment，不因 C-Class 名稱自動通用。,MEGAPARTS 有按 W/S/C 底盤系列區分的 Mercedes-Benz 拆車件；2025 年二手登記約 12%，MVR 衍生統計為保加利亞第三大車隊品牌。,https://www.megaparts.bg/products/avtochasti/mercedes-benz/cla-class-sedan-c118,https://automedia.investor.bg/a/2-novini/63923-eto-nay-tarsenite-koli-na-staro-v-balgariya-prez-2025,Mercedes-Benz Public Archive — model series archive,https://mercedes-benz-publicarchive.com/,P0,首發核心：品牌/車型在保加利亞車隊或二手登記量高，且本地世代化拆車件供給明確。,high,false,2026-09-07
mercedes-benz__c-class__w205-s205__w205-s205,Mercedes-Benz,C-Class,W205/S205,W205/S205,2014,2021,歐洲市場、年級精度；同世代車身重疊時採本列 scope 的最早起始/最晚結束年,核心 sedan/estate 世代；SportCoupé/coupé/cabriolet 只在底盤碼明確相同時另做 fitment，不因 C-Class 名稱自動通用。,MEGAPARTS 有按 W/S/C 底盤系列區分的 Mercedes-Benz 拆車件；2025 年二手登記約 12%，MVR 衍生統計為保加利亞第三大車隊品牌。,https://www.megaparts.bg/products/avtochasti/mercedes-benz/cla-class-sedan-c118,https://automedia.investor.bg/a/2-novini/63923-eto-nay-tarsenite-koli-na-staro-v-balgariya-prez-2025,Mercedes-Benz Public Archive — model series archive,https://mercedes-benz-publicarchive.com/,P0,首發核心：品牌/車型在保加利亞車隊或二手登記量高，且本地世代化拆車件供給明確。,high,false,2026-09-07
mercedes-benz__e-class__w210-s210__w210-s210,Mercedes-Benz,E-Class,W210/S210,W210/S210,1995,2003,歐洲市場、年級精度；同世代車身重疊時採本列 scope 的最早起始/最晚結束年,核心 sedan/estate（W/S）；C/A 系 coupé/cabriolet 不納入此列。,MEGAPARTS 有按 W/S/C 底盤系列區分的 Mercedes-Benz 拆車件；2025 年二手登記約 12%，MVR 衍生統計為保加利亞第三大車隊品牌。,https://www.megaparts.bg/products/avtochasti/mercedes-benz/cla-class-sedan-c118,https://automedia.investor.bg/a/2-novini/63923-eto-nay-tarsenite-koli-na-staro-v-balgariya-prez-2025,Mercedes-Benz Public Archive — model series archive,https://mercedes-benz-publicarchive.com/,P1,首版納入：本地可見穩定拆車件供給或車隊基礎，但排序在最高量核心車型之後。,high,false,2026-09-07
mercedes-benz__e-class__w211-s211__w211-s211,Mercedes-Benz,E-Class,W211/S211,W211/S211,2002,2009,歐洲市場、年級精度；同世代車身重疊時採本列 scope 的最早起始/最晚結束年,核心 sedan/estate（W/S）；C/A 系 coupé/cabriolet 不納入此列。,MEGAPARTS 有按 W/S/C 底盤系列區分的 Mercedes-Benz 拆車件；2025 年二手登記約 12%，MVR 衍生統計為保加利亞第三大車隊品牌。,https://www.megaparts.bg/products/avtochasti/mercedes-benz/cla-class-sedan-c118,https://automedia.investor.bg/a/2-novini/63923-eto-nay-tarsenite-koli-na-staro-v-balgariya-prez-2025,Mercedes-Benz Public Archive — model series archive,https://mercedes-benz-publicarchive.com/,P0,首發核心：品牌/車型在保加利亞車隊或二手登記量高，且本地世代化拆車件供給明確。,high,false,2026-09-07
mercedes-benz__e-class__w212-s212__w212-s212,Mercedes-Benz,E-Class,W212/S212,W212/S212,2009,2016,歐洲市場、年級精度；同世代車身重疊時採本列 scope 的最早起始/最晚結束年,核心 sedan/estate（W/S）；C/A 系 coupé/cabriolet 不納入此列。,MEGAPARTS 有按 W/S/C 底盤系列區分的 Mercedes-Benz 拆車件；2025 年二手登記約 12%，MVR 衍生統計為保加利亞第三大車隊品牌。,https://www.megaparts.bg/products/avtochasti/mercedes-benz/cla-class-sedan-c118,https://automedia.investor.bg/a/2-novini/63923-eto-nay-tarsenite-koli-na-staro-v-balgariya-prez-2025,Mercedes-Benz Public Archive — model series archive,https://mercedes-benz-publicarchive.com/,P0,首發核心：品牌/車型在保加利亞車隊或二手登記量高，且本地世代化拆車件供給明確。,high,false,2026-09-07
mercedes-benz__e-class__w213-s213__w213-s213,Mercedes-Benz,E-Class,W213/S213,W213/S213,2016,2023,歐洲市場、年級精度；同世代車身重疊時採本列 scope 的最早起始/最晚結束年,核心 sedan/estate（W/S）；C/A 系 coupé/cabriolet 不納入此列。,MEGAPARTS 有按 W/S/C 底盤系列區分的 Mercedes-Benz 拆車件；2025 年二手登記約 12%，MVR 衍生統計為保加利亞第三大車隊品牌。,https://www.megaparts.bg/products/avtochasti/mercedes-benz/cla-class-sedan-c118,https://automedia.investor.bg/a/2-novini/63923-eto-nay-tarsenite-koli-na-staro-v-balgariya-prez-2025,Mercedes-Benz Public Archive — model series archive,https://mercedes-benz-publicarchive.com/,P1,首版納入：本地可見穩定拆車件供給或車隊基礎，但排序在最高量核心車型之後。,high,false,2026-09-07
mercedes-benz__a-class__w168__w168,Mercedes-Benz,A-Class,W168,W168,1997,2004,歐洲市場、年級精度；同世代車身重疊時採本列 scope 的最早起始/最晚結束年,歐洲 hatch；長軸或區域 sedan 不納入。,MEGAPARTS 有按 W/S/C 底盤系列區分的 Mercedes-Benz 拆車件；2025 年二手登記約 12%，MVR 衍生統計為保加利亞第三大車隊品牌。,https://www.megaparts.bg/products/avtochasti/mercedes-benz/cla-class-sedan-c118,https://automedia.investor.bg/a/2-novini/63923-eto-nay-tarsenite-koli-na-staro-v-balgariya-prez-2025,Mercedes-Benz Public Archive — model series archive,https://mercedes-benz-publicarchive.com/,P2,低排序保留：世代較老、供給較薄或命名/車身邊界需先由本地庫存驗證。,high,false,2026-09-07
mercedes-benz__a-class__w169__w169,Mercedes-Benz,A-Class,W169,W169,2004,2012,歐洲市場、年級精度；同世代車身重疊時採本列 scope 的最早起始/最晚結束年,歐洲 hatch；長軸或區域 sedan 不納入。,MEGAPARTS 有按 W/S/C 底盤系列區分的 Mercedes-Benz 拆車件；2025 年二手登記約 12%，MVR 衍生統計為保加利亞第三大車隊品牌。,https://www.megaparts.bg/products/avtochasti/mercedes-benz/cla-class-sedan-c118,https://automedia.investor.bg/a/2-novini/63923-eto-nay-tarsenite-koli-na-staro-v-balgariya-prez-2025,Mercedes-Benz Public Archive — model series archive,https://mercedes-benz-publicarchive.com/,P1,首版納入：本地可見穩定拆車件供給或車隊基礎，但排序在最高量核心車型之後。,high,false,2026-09-07
mercedes-benz__a-class__w176__w176,Mercedes-Benz,A-Class,W176,W176,2012,2018,歐洲市場、年級精度；同世代車身重疊時採本列 scope 的最早起始/最晚結束年,歐洲 hatch；長軸或區域 sedan 不納入。,MEGAPARTS 有按 W/S/C 底盤系列區分的 Mercedes-Benz 拆車件；2025 年二手登記約 12%，MVR 衍生統計為保加利亞第三大車隊品牌。,https://www.megaparts.bg/products/avtochasti/mercedes-benz/cla-class-sedan-c118,https://automedia.investor.bg/a/2-novini/63923-eto-nay-tarsenite-koli-na-staro-v-balgariya-prez-2025,Mercedes-Benz Public Archive — model series archive,https://mercedes-benz-publicarchive.com/,P1,首版納入：本地可見穩定拆車件供給或車隊基礎，但排序在最高量核心車型之後。,high,false,2026-09-07
mercedes-benz__m-class-gle__w163-m-class__w163,Mercedes-Benz,M-Class / GLE,W163 M-Class,W163,1997,2005,歐洲市場、年級精度；同世代車身重疊時採本列 scope 的最早起始/最晚結束年,僅 W166 在 2015 年的 M-Class→GLE 改名合併；W163/W164 仍是獨立世代。,MEGAPARTS 有按 W/S/C 底盤系列區分的 Mercedes-Benz 拆車件；2025 年二手登記約 12%，MVR 衍生統計為保加利亞第三大車隊品牌。,https://www.megaparts.bg/products/avtochasti/mercedes-benz/cla-class-sedan-c118,https://automedia.investor.bg/a/2-novini/63923-eto-nay-tarsenite-koli-na-staro-v-balgariya-prez-2025,Mercedes-Benz Public Archive — model series archive,https://mercedes-benz-publicarchive.com/,P2,低排序保留：世代較老、供給較薄或命名/車身邊界需先由本地庫存驗證。,high,false,2026-09-07
mercedes-benz__m-class-gle__w164-m-class__w164,Mercedes-Benz,M-Class / GLE,W164 M-Class,W164,2005,2011,歐洲市場、年級精度；同世代車身重疊時採本列 scope 的最早起始/最晚結束年,僅 W166 在 2015 年的 M-Class→GLE 改名合併；W163/W164 仍是獨立世代。,MEGAPARTS 有按 W/S/C 底盤系列區分的 Mercedes-Benz 拆車件；2025 年二手登記約 12%，MVR 衍生統計為保加利亞第三大車隊品牌。,https://www.megaparts.bg/products/avtochasti/mercedes-benz/cla-class-sedan-c118,https://automedia.investor.bg/a/2-novini/63923-eto-nay-tarsenite-koli-na-staro-v-balgariya-prez-2025,Mercedes-Benz Public Archive — model series archive,https://mercedes-benz-publicarchive.com/,P1,首版納入：本地可見穩定拆車件供給或車隊基礎，但排序在最高量核心車型之後。,high,false,2026-09-07
mercedes-benz__m-class-gle__w166-m-class-gle__w166,Mercedes-Benz,M-Class / GLE,W166 M-Class / GLE,W166,2011,2019,歐洲市場、年級精度；同世代車身重疊時採本列 scope 的最早起始/最晚結束年,僅 W166 在 2015 年的 M-Class→GLE 改名合併；W163/W164 仍是獨立世代。,MEGAPARTS 有按 W/S/C 底盤系列區分的 Mercedes-Benz 拆車件；2025 年二手登記約 12%，MVR 衍生統計為保加利亞第三大車隊品牌。,https://www.megaparts.bg/products/avtochasti/mercedes-benz/cla-class-sedan-c118,https://automedia.investor.bg/a/2-novini/63923-eto-nay-tarsenite-koli-na-staro-v-balgariya-prez-2025,Mercedes-Benz Public Archive — model series archive,https://mercedes-benz-publicarchive.com/,P1,首版納入：本地可見穩定拆車件供給或車隊基礎，但排序在最高量核心車型之後。,medium,true,2026-09-07
bmw__3-series__e46__e46,BMW,3 Series,E46,E46,1997,2006,歐洲市場、年級精度；同世代車身重疊時採本列 scope 的最早起始/最晚結束年,同一世代的 sedan/estate/coupé/cabriolet 以各自底盤碼識別；不假設鈑件、玻璃與內裝跨車身通用。,MEGAPARTS 以 E/F/G 底盤碼分類 BMW 拆車件；2025 年二手登記約 7.4%，3 Series、5 Series、X5 均出現在當地熱門二手車型脈絡。,https://www.megaparts.bg/products/avtochasti/bmw/3-series-e90-touring-e91,https://automedia.investor.bg/a/2-novini/63923-eto-nay-tarsenite-koli-na-staro-v-balgariya-prez-2025,BMW Group PressClub — official model and archive material,https://www.press.bmwgroup.com/global,P0,首發核心：品牌/車型在保加利亞車隊或二手登記量高，且本地世代化拆車件供給明確。,high,false,2026-09-07
bmw__3-series__e9x__e90-e91-e92-e93,BMW,3 Series,E9x,E90/E91/E92/E93,2004,2013,歐洲市場、年級精度；同世代車身重疊時採本列 scope 的最早起始/最晚結束年,同一世代的 sedan/estate/coupé/cabriolet 以各自底盤碼識別；不假設鈑件、玻璃與內裝跨車身通用。,MEGAPARTS 以 E/F/G 底盤碼分類 BMW 拆車件；2025 年二手登記約 7.4%，3 Series、5 Series、X5 均出現在當地熱門二手車型脈絡。,https://www.megaparts.bg/products/avtochasti/bmw/3-series-e90-touring-e91,https://automedia.investor.bg/a/2-novini/63923-eto-nay-tarsenite-koli-na-staro-v-balgariya-prez-2025,BMW Group PressClub — official model and archive material,https://www.press.bmwgroup.com/global,P0,首發核心：品牌/車型在保加利亞車隊或二手登記量高，且本地世代化拆車件供給明確。,high,false,2026-09-07
bmw__3-series__f3x__f30-f31-f34,BMW,3 Series,F3x,F30/F31/F34,2011,2020,歐洲市場、年級精度；同世代車身重疊時採本列 scope 的最早起始/最晚結束年,同一世代的 sedan/estate/coupé/cabriolet 以各自底盤碼識別；不假設鈑件、玻璃與內裝跨車身通用。,MEGAPARTS 以 E/F/G 底盤碼分類 BMW 拆車件；2025 年二手登記約 7.4%，3 Series、5 Series、X5 均出現在當地熱門二手車型脈絡。,https://www.megaparts.bg/products/avtochasti/bmw/3-series-e90-touring-e91,https://automedia.investor.bg/a/2-novini/63923-eto-nay-tarsenite-koli-na-staro-v-balgariya-prez-2025,BMW Group PressClub — official model and archive material,https://www.press.bmwgroup.com/global,P0,首發核心：品牌/車型在保加利亞車隊或二手登記量高，且本地世代化拆車件供給明確。,high,false,2026-09-07
bmw__5-series__e39__e39,BMW,5 Series,E39,E39,1995,2004,歐洲市場、年級精度；同世代車身重疊時採本列 scope 的最早起始/最晚結束年,同一世代多車身以各底盤碼識別；Gran Turismo（F07）差異大，fitment 必須另加 body code。,MEGAPARTS 以 E/F/G 底盤碼分類 BMW 拆車件；2025 年二手登記約 7.4%，3 Series、5 Series、X5 均出現在當地熱門二手車型脈絡。,https://www.megaparts.bg/products/avtochasti/bmw/3-series-e90-touring-e91,https://automedia.investor.bg/a/2-novini/63923-eto-nay-tarsenite-koli-na-staro-v-balgariya-prez-2025,BMW Group PressClub — 5 Series history in 2017 launch dossier,https://www.press.bmwgroup.com/ireland/article/detail/T0269296EN/the-new-2017-bmw-5-series-saloon?language=en,P1,首版納入：本地可見穩定拆車件供給或車隊基礎，但排序在最高量核心車型之後。,high,false,2026-09-07
bmw__5-series__e6x__e60-e61,BMW,5 Series,E6x,E60/E61,2003,2010,歐洲市場、年級精度；同世代車身重疊時採本列 scope 的最早起始/最晚結束年,同一世代多車身以各底盤碼識別；Gran Turismo（F07）差異大，fitment 必須另加 body code。,MEGAPARTS 以 E/F/G 底盤碼分類 BMW 拆車件；2025 年二手登記約 7.4%，3 Series、5 Series、X5 均出現在當地熱門二手車型脈絡。,https://www.megaparts.bg/products/avtochasti/bmw/3-series-e90-touring-e91,https://automedia.investor.bg/a/2-novini/63923-eto-nay-tarsenite-koli-na-staro-v-balgariya-prez-2025,BMW Group PressClub — 5 Series history in 2017 launch dossier,https://www.press.bmwgroup.com/ireland/article/detail/T0269296EN/the-new-2017-bmw-5-series-saloon?language=en,P0,首發核心：品牌/車型在保加利亞車隊或二手登記量高，且本地世代化拆車件供給明確。,high,false,2026-09-07
bmw__5-series__f1x__f10-f11-f07,BMW,5 Series,F1x,F10/F11/F07,2009,2017,歐洲市場、年級精度；同世代車身重疊時採本列 scope 的最早起始/最晚結束年,同一世代多車身以各底盤碼識別；Gran Turismo（F07）差異大，fitment 必須另加 body code。,MEGAPARTS 以 E/F/G 底盤碼分類 BMW 拆車件；2025 年二手登記約 7.4%，3 Series、5 Series、X5 均出現在當地熱門二手車型脈絡。,https://www.megaparts.bg/products/avtochasti/bmw/3-series-e90-touring-e91,https://automedia.investor.bg/a/2-novini/63923-eto-nay-tarsenite-koli-na-staro-v-balgariya-prez-2025,BMW Group PressClub — 5 Series history in 2017 launch dossier,https://www.press.bmwgroup.com/ireland/article/detail/T0269296EN/the-new-2017-bmw-5-series-saloon?language=en,P0,首發核心：品牌/車型在保加利亞車隊或二手登記量高，且本地世代化拆車件供給明確。,high,false,2026-09-07
bmw__5-series__g3x__g30-g31,BMW,5 Series,G3x,G30/G31,2016,2024,歐洲市場、年級精度；同世代車身重疊時採本列 scope 的最早起始/最晚結束年,同一世代多車身以各底盤碼識別；Gran Turismo（F07）差異大，fitment 必須另加 body code。,MEGAPARTS 以 E/F/G 底盤碼分類 BMW 拆車件；2025 年二手登記約 7.4%，3 Series、5 Series、X5 均出現在當地熱門二手車型脈絡。,https://www.megaparts.bg/products/avtochasti/bmw/3-series-e90-touring-e91,https://automedia.investor.bg/a/2-novini/63923-eto-nay-tarsenite-koli-na-staro-v-balgariya-prez-2025,BMW Group PressClub — 5 Series history in 2017 launch dossier,https://www.press.bmwgroup.com/ireland/article/detail/T0269296EN/the-new-2017-bmw-5-series-saloon?language=en,P1,首版納入：本地可見穩定拆車件供給或車隊基礎，但排序在最高量核心車型之後。,high,false,2026-09-07
bmw__x3__e83__e83,BMW,X3,E83,E83,2003,2010,歐洲市場、年級精度；同世代車身重疊時採本列 scope 的最早起始/最晚結束年,歐洲 X3；M 衍生型的煞車、懸吊、動力件不因外型相近而自動通用。,MEGAPARTS 以 E/F/G 底盤碼分類 BMW 拆車件；2025 年二手登記約 7.4%，3 Series、5 Series、X5 均出現在當地熱門二手車型脈絡。,https://www.megaparts.bg/products/avtochasti/bmw/3-series-e90-touring-e91,https://automedia.investor.bg/a/2-novini/63923-eto-nay-tarsenite-koli-na-staro-v-balgariya-prez-2025,BMW Group PressClub — official model and archive material,https://www.press.bmwgroup.com/global,P1,首版納入：本地可見穩定拆車件供給或車隊基礎，但排序在最高量核心車型之後。,high,false,2026-09-07
bmw__x3__f25__f25,BMW,X3,F25,F25,2010,2017,歐洲市場、年級精度；同世代車身重疊時採本列 scope 的最早起始/最晚結束年,歐洲 X3；M 衍生型的煞車、懸吊、動力件不因外型相近而自動通用。,MEGAPARTS 以 E/F/G 底盤碼分類 BMW 拆車件；2025 年二手登記約 7.4%，3 Series、5 Series、X5 均出現在當地熱門二手車型脈絡。,https://www.megaparts.bg/products/avtochasti/bmw/3-series-e90-touring-e91,https://automedia.investor.bg/a/2-novini/63923-eto-nay-tarsenite-koli-na-staro-v-balgariya-prez-2025,BMW Group PressClub — official model and archive material,https://www.press.bmwgroup.com/global,P1,首版納入：本地可見穩定拆車件供給或車隊基礎，但排序在最高量核心車型之後。,high,false,2026-09-07
bmw__x3__g01__g01,BMW,X3,G01,G01,2017,2024,歐洲市場、年級精度；同世代車身重疊時採本列 scope 的最早起始/最晚結束年,歐洲 X3；M 衍生型的煞車、懸吊、動力件不因外型相近而自動通用。,MEGAPARTS 以 E/F/G 底盤碼分類 BMW 拆車件；2025 年二手登記約 7.4%，3 Series、5 Series、X5 均出現在當地熱門二手車型脈絡。,https://www.megaparts.bg/products/avtochasti/bmw/3-series-e90-touring-e91,https://automedia.investor.bg/a/2-novini/63923-eto-nay-tarsenite-koli-na-staro-v-balgariya-prez-2025,BMW Group PressClub — official model and archive material,https://www.press.bmwgroup.com/global,P1,首版納入：本地可見穩定拆車件供給或車隊基礎，但排序在最高量核心車型之後。,high,false,2026-09-07
bmw__x5__e53__e53,BMW,X5,E53,E53,1999,2006,歐洲市場、年級精度；同世代車身重疊時採本列 scope 的最早起始/最晚結束年,歐洲 X5；X5 M 與一般型需以 OE/動力配置再分。,MEGAPARTS 以 E/F/G 底盤碼分類 BMW 拆車件；2025 年二手登記約 7.4%，3 Series、5 Series、X5 均出現在當地熱門二手車型脈絡。,https://www.megaparts.bg/products/avtochasti/bmw/3-series-e90-touring-e91,https://automedia.investor.bg/a/2-novini/63923-eto-nay-tarsenite-koli-na-staro-v-balgariya-prez-2025,BMW Group PressClub — X5 generation history,https://www.press.bmwgroup.com/global/article/detail/T0239063EN/30-years-of-bmw-all-wheel-drive%3Afrom-the-bmw-325i-%E2%80%9Callrad%E2%80%9D-to-the-bmw-x5-xdrive40e?language=en,P1,首版納入：本地可見穩定拆車件供給或車隊基礎，但排序在最高量核心車型之後。,high,false,2026-09-07
bmw__x5__e70__e70,BMW,X5,E70,E70,2006,2013,歐洲市場、年級精度；同世代車身重疊時採本列 scope 的最早起始/最晚結束年,歐洲 X5；X5 M 與一般型需以 OE/動力配置再分。,MEGAPARTS 以 E/F/G 底盤碼分類 BMW 拆車件；2025 年二手登記約 7.4%，3 Series、5 Series、X5 均出現在當地熱門二手車型脈絡。,https://www.megaparts.bg/products/avtochasti/bmw/3-series-e90-touring-e91,https://automedia.investor.bg/a/2-novini/63923-eto-nay-tarsenite-koli-na-staro-v-balgariya-prez-2025,BMW Group PressClub — X5 generation history,https://www.press.bmwgroup.com/global/article/detail/T0239063EN/30-years-of-bmw-all-wheel-drive%3Afrom-the-bmw-325i-%E2%80%9Callrad%E2%80%9D-to-the-bmw-x5-xdrive40e?language=en,P1,首版納入：本地可見穩定拆車件供給或車隊基礎，但排序在最高量核心車型之後。,high,false,2026-09-07
bmw__x5__f15__f15-f85-x5-m-separate-fitment,BMW,X5,F15,F15 (F85 X5 M separate fitment),2013,2018,歐洲市場、年級精度；同世代車身重疊時採本列 scope 的最早起始/最晚結束年,歐洲 X5；X5 M 與一般型需以 OE/動力配置再分。,MEGAPARTS 以 E/F/G 底盤碼分類 BMW 拆車件；2025 年二手登記約 7.4%，3 Series、5 Series、X5 均出現在當地熱門二手車型脈絡。,https://www.megaparts.bg/products/avtochasti/bmw/3-series-e90-touring-e91,https://automedia.investor.bg/a/2-novini/63923-eto-nay-tarsenite-koli-na-staro-v-balgariya-prez-2025,BMW Group PressClub — X5 generation history,https://www.press.bmwgroup.com/global/article/detail/T0239063EN/30-years-of-bmw-all-wheel-drive%3Afrom-the-bmw-325i-%E2%80%9Callrad%E2%80%9D-to-the-bmw-x5-xdrive40e?language=en,P1,首版納入：本地可見穩定拆車件供給或車隊基礎，但排序在最高量核心車型之後。,high,false,2026-09-07
audi__a3__8l__8l,Audi,A3,8L,8L,1996,2003,歐洲市場、年級精度；同世代車身重疊時採本列 scope 的最早起始/最晚結束年,歐洲 A3；3-door/Sportback/sedan/cabriolet 車身件不得互推；S3/RS3 不納入一般件相容。,MEGAPARTS 以 8L/8P/8V、B/C 世代等方式分類 Audi 拆車件；2025 年二手登記約 7.1%，A3/A4/A6 為保加利亞常見轉手車型。,https://www.megaparts.bg/products/avtochasti/audi/a4-avant-b8,https://automedia.investor.bg/a/2-novini/63923-eto-nay-tarsenite-koli-na-staro-v-balgariya-prez-2025,Audi MediaCenter — Audi Tradition/model archive,https://www.audi-mediacenter.com/en,P1,首版納入：本地可見穩定拆車件供給或車隊基礎，但排序在最高量核心車型之後。,high,false,2026-09-07
audi__a3__8p__8p,Audi,A3,8P,8P,2003,2013,歐洲市場、年級精度；同世代車身重疊時採本列 scope 的最早起始/最晚結束年,歐洲 A3；3-door/Sportback/sedan/cabriolet 車身件不得互推；S3/RS3 不納入一般件相容。,MEGAPARTS 以 8L/8P/8V、B/C 世代等方式分類 Audi 拆車件；2025 年二手登記約 7.1%，A3/A4/A6 為保加利亞常見轉手車型。,https://www.megaparts.bg/products/avtochasti/audi/a4-avant-b8,https://automedia.investor.bg/a/2-novini/63923-eto-nay-tarsenite-koli-na-staro-v-balgariya-prez-2025,Audi MediaCenter — Audi Tradition/model archive,https://www.audi-mediacenter.com/en,P0,首發核心：品牌/車型在保加利亞車隊或二手登記量高，且本地世代化拆車件供給明確。,high,false,2026-09-07
audi__a3__8v__8v,Audi,A3,8V,8V,2012,2020,歐洲市場、年級精度；同世代車身重疊時採本列 scope 的最早起始/最晚結束年,歐洲 A3；3-door/Sportback/sedan/cabriolet 車身件不得互推；S3/RS3 不納入一般件相容。,MEGAPARTS 以 8L/8P/8V、B/C 世代等方式分類 Audi 拆車件；2025 年二手登記約 7.1%，A3/A4/A6 為保加利亞常見轉手車型。,https://www.megaparts.bg/products/avtochasti/audi/a4-avant-b8,https://automedia.investor.bg/a/2-novini/63923-eto-nay-tarsenite-koli-na-staro-v-balgariya-prez-2025,Audi MediaCenter — Audi Tradition/model archive,https://www.audi-mediacenter.com/en,P0,首發核心：品牌/車型在保加利亞車隊或二手登記量高，且本地世代化拆車件供給明確。,high,false,2026-09-07
audi__a4__b5__8d,Audi,A4,B5,8D,1994,2001,歐洲市場、年級精度；同世代車身重疊時採本列 scope 的最早起始/最晚結束年,A4 主系列；S4/RS4 不納入一般動力、煞車與懸吊相容。sedan/Avant/cabriolet 依 type code 配對。,MEGAPARTS 以 8L/8P/8V、B/C 世代等方式分類 Audi 拆車件；2025 年二手登記約 7.1%，A3/A4/A6 為保加利亞常見轉手車型。,https://www.megaparts.bg/products/avtochasti/audi/a4-avant-b8,https://automedia.investor.bg/a/2-novini/63923-eto-nay-tarsenite-koli-na-staro-v-balgariya-prez-2025,Audi MediaCenter — A4 history and model archive,https://www.audi-mediacenter.com/en/audi-a4-avant-25,P1,首版納入：本地可見穩定拆車件供給或車隊基礎，但排序在最高量核心車型之後。,high,false,2026-09-07
audi__a4__b6__8e-8h,Audi,A4,B6,8E/8H,2000,2006,歐洲市場、年級精度；同世代車身重疊時採本列 scope 的最早起始/最晚結束年,A4 主系列；S4/RS4 不納入一般動力、煞車與懸吊相容。sedan/Avant/cabriolet 依 type code 配對。,MEGAPARTS 以 8L/8P/8V、B/C 世代等方式分類 Audi 拆車件；2025 年二手登記約 7.1%，A3/A4/A6 為保加利亞常見轉手車型。,https://www.megaparts.bg/products/avtochasti/audi/a4-avant-b8,https://automedia.investor.bg/a/2-novini/63923-eto-nay-tarsenite-koli-na-staro-v-balgariya-prez-2025,Audi MediaCenter — A4 history and model archive,https://www.audi-mediacenter.com/en/audi-a4-avant-25,P0,首發核心：品牌/車型在保加利亞車隊或二手登記量高，且本地世代化拆車件供給明確。,high,false,2026-09-07
audi__a4__b7__8e-8h,Audi,A4,B7,8E/8H,2004,2009,歐洲市場、年級精度；同世代車身重疊時採本列 scope 的最早起始/最晚結束年,A4 主系列；S4/RS4 不納入一般動力、煞車與懸吊相容。sedan/Avant/cabriolet 依 type code 配對。,MEGAPARTS 以 8L/8P/8V、B/C 世代等方式分類 Audi 拆車件；2025 年二手登記約 7.1%，A3/A4/A6 為保加利亞常見轉手車型。,https://www.megaparts.bg/products/avtochasti/audi/a4-avant-b8,https://automedia.investor.bg/a/2-novini/63923-eto-nay-tarsenite-koli-na-staro-v-balgariya-prez-2025,Audi MediaCenter — A4 history and model archive,https://www.audi-mediacenter.com/en/audi-a4-avant-25,P0,首發核心：品牌/車型在保加利亞車隊或二手登記量高，且本地世代化拆車件供給明確。,high,false,2026-09-07
audi__a4__b8__8k,Audi,A4,B8,8K,2007,2016,歐洲市場、年級精度；同世代車身重疊時採本列 scope 的最早起始/最晚結束年,A4 主系列；S4/RS4 不納入一般動力、煞車與懸吊相容。sedan/Avant/cabriolet 依 type code 配對。,MEGAPARTS 以 8L/8P/8V、B/C 世代等方式分類 Audi 拆車件；2025 年二手登記約 7.1%，A3/A4/A6 為保加利亞常見轉手車型。,https://www.megaparts.bg/products/avtochasti/audi/a4-avant-b8,https://automedia.investor.bg/a/2-novini/63923-eto-nay-tarsenite-koli-na-staro-v-balgariya-prez-2025,Audi MediaCenter — A4 history and model archive,https://www.audi-mediacenter.com/en/audi-a4-avant-25,P0,首發核心：品牌/車型在保加利亞車隊或二手登記量高，且本地世代化拆車件供給明確。,high,false,2026-09-07
audi__a4__b9__8w,Audi,A4,B9,8W,2015,2024,歐洲市場、年級精度；同世代車身重疊時採本列 scope 的最早起始/最晚結束年,A4 主系列；S4/RS4 不納入一般動力、煞車與懸吊相容。sedan/Avant/cabriolet 依 type code 配對。,MEGAPARTS 以 8L/8P/8V、B/C 世代等方式分類 Audi 拆車件；2025 年二手登記約 7.1%，A3/A4/A6 為保加利亞常見轉手車型。,https://www.megaparts.bg/products/avtochasti/audi/a4-avant-b8,https://automedia.investor.bg/a/2-novini/63923-eto-nay-tarsenite-koli-na-staro-v-balgariya-prez-2025,Audi MediaCenter — A4 history and model archive,https://www.audi-mediacenter.com/en/audi-a4-avant-25,P1,首版納入：本地可見穩定拆車件供給或車隊基礎，但排序在最高量核心車型之後。,high,false,2026-09-07
audi__a6__c5__4b,Audi,A6,C5,4B,1997,2005,歐洲市場、年級精度；同世代車身重疊時採本列 scope 的最早起始/最晚結束年,A6 主系列；S6/RS6/Allroad 不納入一般件相容。sedan/Avant 仍需 body code。,MEGAPARTS 以 8L/8P/8V、B/C 世代等方式分類 Audi 拆車件；2025 年二手登記約 7.1%，A3/A4/A6 為保加利亞常見轉手車型。,https://www.megaparts.bg/products/avtochasti/audi/a4-avant-b8,https://automedia.investor.bg/a/2-novini/63923-eto-nay-tarsenite-koli-na-staro-v-balgariya-prez-2025,Audi MediaCenter — A6 model archive,https://www.audi-mediacenter.com/en/audi-a6-39,P1,首版納入：本地可見穩定拆車件供給或車隊基礎，但排序在最高量核心車型之後。,high,false,2026-09-07
audi__a6__c6__4f,Audi,A6,C6,4F,2004,2011,歐洲市場、年級精度；同世代車身重疊時採本列 scope 的最早起始/最晚結束年,A6 主系列；S6/RS6/Allroad 不納入一般件相容。sedan/Avant 仍需 body code。,MEGAPARTS 以 8L/8P/8V、B/C 世代等方式分類 Audi 拆車件；2025 年二手登記約 7.1%，A3/A4/A6 為保加利亞常見轉手車型。,https://www.megaparts.bg/products/avtochasti/audi/a4-avant-b8,https://automedia.investor.bg/a/2-novini/63923-eto-nay-tarsenite-koli-na-staro-v-balgariya-prez-2025,Audi MediaCenter — A6 model archive,https://www.audi-mediacenter.com/en/audi-a6-39,P0,首發核心：品牌/車型在保加利亞車隊或二手登記量高，且本地世代化拆車件供給明確。,high,false,2026-09-07
audi__a6__c7__4g,Audi,A6,C7,4G,2010,2018,歐洲市場、年級精度；同世代車身重疊時採本列 scope 的最早起始/最晚結束年,A6 主系列；S6/RS6/Allroad 不納入一般件相容。sedan/Avant 仍需 body code。,MEGAPARTS 以 8L/8P/8V、B/C 世代等方式分類 Audi 拆車件；2025 年二手登記約 7.1%，A3/A4/A6 為保加利亞常見轉手車型。,https://www.megaparts.bg/products/avtochasti/audi/a4-avant-b8,https://automedia.investor.bg/a/2-novini/63923-eto-nay-tarsenite-koli-na-staro-v-balgariya-prez-2025,Audi MediaCenter — A6 model archive,https://www.audi-mediacenter.com/en/audi-a6-39,P0,首發核心：品牌/車型在保加利亞車隊或二手登記量高，且本地世代化拆車件供給明確。,high,false,2026-09-07
audi__q5__q5-i__8r,Audi,Q5,Q5 I,8R,2008,2017,歐洲市場、年級精度；同世代車身重疊時採本列 scope 的最早起始/最晚結束年,Q5 主系列；SQ5 需獨立動力/煞車 fitment。第二代 Sportback 不納入本版。,MEGAPARTS 以 8L/8P/8V、B/C 世代等方式分類 Audi 拆車件；2025 年二手登記約 7.1%，A3/A4/A6 為保加利亞常見轉手車型。,https://www.megaparts.bg/products/avtochasti/audi/a4-avant-b8,https://automedia.investor.bg/a/2-novini/63923-eto-nay-tarsenite-koli-na-staro-v-balgariya-prez-2025,Audi MediaCenter — official model and archive material,https://www.audi-mediacenter.com/en,P1,首版納入：本地可見穩定拆車件供給或車隊基礎，但排序在最高量核心車型之後。,high,false,2026-09-07
audi__q5__q5-ii__fy,Audi,Q5,Q5 II,FY,2016,2024,歐洲市場、年級精度；同世代車身重疊時採本列 scope 的最早起始/最晚結束年,Q5 主系列；SQ5 需獨立動力/煞車 fitment。第二代 Sportback 不納入本版。,MEGAPARTS 以 8L/8P/8V、B/C 世代等方式分類 Audi 拆車件；2025 年二手登記約 7.1%，A3/A4/A6 為保加利亞常見轉手車型。,https://www.megaparts.bg/products/avtochasti/audi/a4-avant-b8,https://automedia.investor.bg/a/2-novini/63923-eto-nay-tarsenite-koli-na-staro-v-balgariya-prez-2025,Audi MediaCenter — official model and archive material,https://www.audi-mediacenter.com/en,P1,首版納入：本地可見穩定拆車件供給或車隊基礎，但排序在最高量核心車型之後。,high,false,2026-09-07
opel__astra__astra-g__t98,Opel,Astra,Astra G,T98,1998,2009,歐洲市場、年級精度；同世代車身重疊時採本列 scope 的最早起始/最晚結束年,歐洲 Astra；hatch/estate/GTC/sedan 依 body code 配對，不因同字母世代自動通用。,MEGAPARTS 有 Astra/Corsa/Insignia/Zafira 各世代拆車件；2025 年二手登記約 5.1%，MVR 衍生統計顯示 Opel 車隊規模僅次於 VW，Astra/Corsa 特別常見。,https://www.megaparts.bg/products/avtochasti/opel/gt-cabrio,https://www.pariteni.bg/novini/transport/koi-sa-naj-predpochitanite-marki-koli-u-nas-253893,Opel/Stellantis Media — Kadett and Astra generation history,https://www.media.stellantis.com/em-en/opel/press/opel-kadett-and-astra-85-years-as-defining-force-of-compact-class,P0,首發核心：品牌/車型在保加利亞車隊或二手登記量高，且本地世代化拆車件供給明確。,high,false,2026-09-07
opel__astra__astra-h__a04,Opel,Astra,Astra H,A04,2004,2014,歐洲市場、年級精度；同世代車身重疊時採本列 scope 的最早起始/最晚結束年,歐洲 Astra；hatch/estate/GTC/sedan 依 body code 配對，不因同字母世代自動通用。,MEGAPARTS 有 Astra/Corsa/Insignia/Zafira 各世代拆車件；2025 年二手登記約 5.1%，MVR 衍生統計顯示 Opel 車隊規模僅次於 VW，Astra/Corsa 特別常見。,https://www.megaparts.bg/products/avtochasti/opel/gt-cabrio,https://www.pariteni.bg/novini/transport/koi-sa-naj-predpochitanite-marki-koli-u-nas-253893,Opel/Stellantis Media — Kadett and Astra generation history,https://www.media.stellantis.com/em-en/opel/press/opel-kadett-and-astra-85-years-as-defining-force-of-compact-class,P0,首發核心：品牌/車型在保加利亞車隊或二手登記量高，且本地世代化拆車件供給明確。,high,false,2026-09-07
opel__astra__astra-j__p10,Opel,Astra,Astra J,P10,2009,2018,歐洲市場、年級精度；同世代車身重疊時採本列 scope 的最早起始/最晚結束年,歐洲 Astra；hatch/estate/GTC/sedan 依 body code 配對，不因同字母世代自動通用。,MEGAPARTS 有 Astra/Corsa/Insignia/Zafira 各世代拆車件；2025 年二手登記約 5.1%，MVR 衍生統計顯示 Opel 車隊規模僅次於 VW，Astra/Corsa 特別常見。,https://www.megaparts.bg/products/avtochasti/opel/gt-cabrio,https://www.pariteni.bg/novini/transport/koi-sa-naj-predpochitanite-marki-koli-u-nas-253893,Opel/Stellantis Media — Kadett and Astra generation history,https://www.media.stellantis.com/em-en/opel/press/opel-kadett-and-astra-85-years-as-defining-force-of-compact-class,P0,首發核心：品牌/車型在保加利亞車隊或二手登記量高，且本地世代化拆車件供給明確。,high,false,2026-09-07
opel__astra__astra-k__b16,Opel,Astra,Astra K,B16,2015,2021,歐洲市場、年級精度；同世代車身重疊時採本列 scope 的最早起始/最晚結束年,歐洲 Astra；hatch/estate/GTC/sedan 依 body code 配對，不因同字母世代自動通用。,MEGAPARTS 有 Astra/Corsa/Insignia/Zafira 各世代拆車件；2025 年二手登記約 5.1%，MVR 衍生統計顯示 Opel 車隊規模僅次於 VW，Astra/Corsa 特別常見。,https://www.megaparts.bg/products/avtochasti/opel/gt-cabrio,https://www.pariteni.bg/novini/transport/koi-sa-naj-predpochitanite-marki-koli-u-nas-253893,Opel/Stellantis Media — Kadett and Astra generation history,https://www.media.stellantis.com/em-en/opel/press/opel-kadett-and-astra-85-years-as-defining-force-of-compact-class,P0,首發核心：品牌/車型在保加利亞車隊或二手登記量高，且本地世代化拆車件供給明確。,high,false,2026-09-07
opel__corsa__corsa-c__x01,Opel,Corsa,Corsa C,X01,2000,2006,歐洲市場、年級精度；同世代車身重疊時採本列 scope 的最早起始/最晚結束年,歐洲 hatch/van 主體；Vauxhall 名稱作 alias，不另建 make。,MEGAPARTS 有 Astra/Corsa/Insignia/Zafira 各世代拆車件；2025 年二手登記約 5.1%，MVR 衍生統計顯示 Opel 車隊規模僅次於 VW，Astra/Corsa 特別常見。,https://www.megaparts.bg/products/avtochasti/opel/gt-cabrio,https://www.pariteni.bg/novini/transport/koi-sa-naj-predpochitanite-marki-koli-u-nas-253893,Opel/Stellantis Media — official model and heritage archive,https://www.media.stellantis.com/em-en/opel,P0,首發核心：品牌/車型在保加利亞車隊或二手登記量高，且本地世代化拆車件供給明確。,high,false,2026-09-07
opel__corsa__corsa-d__s07,Opel,Corsa,Corsa D,S07,2006,2014,歐洲市場、年級精度；同世代車身重疊時採本列 scope 的最早起始/最晚結束年,歐洲 hatch/van 主體；Vauxhall 名稱作 alias，不另建 make。,MEGAPARTS 有 Astra/Corsa/Insignia/Zafira 各世代拆車件；2025 年二手登記約 5.1%，MVR 衍生統計顯示 Opel 車隊規模僅次於 VW，Astra/Corsa 特別常見。,https://www.megaparts.bg/products/avtochasti/opel/gt-cabrio,https://www.pariteni.bg/novini/transport/koi-sa-naj-predpochitanite-marki-koli-u-nas-253893,Opel/Stellantis Media — official model and heritage archive,https://www.media.stellantis.com/em-en/opel,P0,首發核心：品牌/車型在保加利亞車隊或二手登記量高，且本地世代化拆車件供給明確。,high,false,2026-09-07
opel__corsa__corsa-e__x15,Opel,Corsa,Corsa E,X15,2014,2019,歐洲市場、年級精度；同世代車身重疊時採本列 scope 的最早起始/最晚結束年,歐洲 hatch/van 主體；Vauxhall 名稱作 alias，不另建 make。,MEGAPARTS 有 Astra/Corsa/Insignia/Zafira 各世代拆車件；2025 年二手登記約 5.1%，MVR 衍生統計顯示 Opel 車隊規模僅次於 VW，Astra/Corsa 特別常見。,https://www.megaparts.bg/products/avtochasti/opel/gt-cabrio,https://www.pariteni.bg/novini/transport/koi-sa-naj-predpochitanite-marki-koli-u-nas-253893,Opel/Stellantis Media — official model and heritage archive,https://www.media.stellantis.com/em-en/opel,P0,首發核心：品牌/車型在保加利亞車隊或二手登記量高，且本地世代化拆車件供給明確。,high,false,2026-09-07
opel__insignia__insignia-a__g09,Opel,Insignia,Insignia A,G09,2008,2017,歐洲市場、年級精度；同世代車身重疊時採本列 scope 的最早起始/最晚結束年,歐洲 Insignia；Grand Sport/Sports Tourer/Country Tourer 車身件分開配對。,MEGAPARTS 有 Astra/Corsa/Insignia/Zafira 各世代拆車件；2025 年二手登記約 5.1%，MVR 衍生統計顯示 Opel 車隊規模僅次於 VW，Astra/Corsa 特別常見。,https://www.megaparts.bg/products/avtochasti/opel/gt-cabrio,https://www.pariteni.bg/novini/transport/koi-sa-naj-predpochitanite-marki-koli-u-nas-253893,Opel/Stellantis Media — official model and heritage archive,https://www.media.stellantis.com/em-en/opel,P1,首版納入：本地可見穩定拆車件供給或車隊基礎，但排序在最高量核心車型之後。,high,false,2026-09-07
opel__insignia__insignia-b__z18,Opel,Insignia,Insignia B,Z18,2017,2022,歐洲市場、年級精度；同世代車身重疊時採本列 scope 的最早起始/最晚結束年,歐洲 Insignia；Grand Sport/Sports Tourer/Country Tourer 車身件分開配對。,MEGAPARTS 有 Astra/Corsa/Insignia/Zafira 各世代拆車件；2025 年二手登記約 5.1%，MVR 衍生統計顯示 Opel 車隊規模僅次於 VW，Astra/Corsa 特別常見。,https://www.megaparts.bg/products/avtochasti/opel/gt-cabrio,https://www.pariteni.bg/novini/transport/koi-sa-naj-predpochitanite-marki-koli-u-nas-253893,Opel/Stellantis Media — official model and heritage archive,https://www.media.stellantis.com/em-en/opel,P1,首版納入：本地可見穩定拆車件供給或車隊基礎，但排序在最高量核心車型之後。,high,false,2026-09-07
opel__zafira__zafira-a__t98,Opel,Zafira,Zafira A,T98,1999,2005,歐洲市場、年級精度；同世代車身重疊時採本列 scope 的最早起始/最晚結束年,歐洲 Zafira；Tourer 名稱是 C 世代市場名，與後來 PSA Zafira Life 不合併。,MEGAPARTS 有 Astra/Corsa/Insignia/Zafira 各世代拆車件；2025 年二手登記約 5.1%，MVR 衍生統計顯示 Opel 車隊規模僅次於 VW，Astra/Corsa 特別常見。,https://www.megaparts.bg/products/avtochasti/opel/gt-cabrio,https://www.pariteni.bg/novini/transport/koi-sa-naj-predpochitanite-marki-koli-u-nas-253893,Opel/Stellantis Media — official model and heritage archive,https://www.media.stellantis.com/em-en/opel,P1,首版納入：本地可見穩定拆車件供給或車隊基礎，但排序在最高量核心車型之後。,high,false,2026-09-07
opel__zafira__zafira-b__a05,Opel,Zafira,Zafira B,A05,2005,2014,歐洲市場、年級精度；同世代車身重疊時採本列 scope 的最早起始/最晚結束年,歐洲 Zafira；Tourer 名稱是 C 世代市場名，與後來 PSA Zafira Life 不合併。,MEGAPARTS 有 Astra/Corsa/Insignia/Zafira 各世代拆車件；2025 年二手登記約 5.1%，MVR 衍生統計顯示 Opel 車隊規模僅次於 VW，Astra/Corsa 特別常見。,https://www.megaparts.bg/products/avtochasti/opel/gt-cabrio,https://www.pariteni.bg/novini/transport/koi-sa-naj-predpochitanite-marki-koli-u-nas-253893,Opel/Stellantis Media — official model and heritage archive,https://www.media.stellantis.com/em-en/opel,P1,首版納入：本地可見穩定拆車件供給或車隊基礎，但排序在最高量核心車型之後。,high,false,2026-09-07
opel__zafira__zafira-c-tourer__p12,Opel,Zafira,Zafira C / Tourer,P12,2011,2019,歐洲市場、年級精度；同世代車身重疊時採本列 scope 的最早起始/最晚結束年,歐洲 Zafira；Tourer 名稱是 C 世代市場名，與後來 PSA Zafira Life 不合併。,MEGAPARTS 有 Astra/Corsa/Insignia/Zafira 各世代拆車件；2025 年二手登記約 5.1%，MVR 衍生統計顯示 Opel 車隊規模僅次於 VW，Astra/Corsa 特別常見。,https://www.megaparts.bg/products/avtochasti/opel/gt-cabrio,https://www.pariteni.bg/novini/transport/koi-sa-naj-predpochitanite-marki-koli-u-nas-253893,Opel/Stellantis Media — official model and heritage archive,https://www.media.stellantis.com/em-en/opel,P1,首版納入：本地可見穩定拆車件供給或車隊基礎，但排序在最高量核心車型之後。,high,false,2026-09-07
ford__focus__mk1-europe__c170,Ford,Focus,Mk1 (Europe),C170,1998,2005,歐洲市場、年級精度；同世代車身重疊時採本列 scope 的最早起始/最晚結束年,歐洲 Focus；facelift、hatch/estate/sedan 需額外 body/facelift 欄位，不靠 Mk 名稱判斷。,MEGAPARTS 可按 Focus/Fiesta/Mondeo/Kuga 世代搜尋拆車件；MVR 衍生統計把 Ford 列入保加利亞前十大車隊品牌，Focus/Mondeo 被點名為常見轉手車型。,https://www.megaparts.bg/products/avtochasti/ford/transit-platform-iv,https://www.pariteni.bg/novini/transport/koi-sa-naj-predpochitanite-marki-koli-u-nas-253893,Ford Heritage Vault — official brochures and model archive,https://fordheritagevault.com/,P0,首發核心：品牌/車型在保加利亞車隊或二手登記量高，且本地世代化拆車件供給明確。,high,false,2026-09-07
ford__focus__mk2-europe__c307,Ford,Focus,Mk2 (Europe),C307,2004,2011,歐洲市場、年級精度；同世代車身重疊時採本列 scope 的最早起始/最晚結束年,歐洲 Focus；facelift、hatch/estate/sedan 需額外 body/facelift 欄位，不靠 Mk 名稱判斷。,MEGAPARTS 可按 Focus/Fiesta/Mondeo/Kuga 世代搜尋拆車件；MVR 衍生統計把 Ford 列入保加利亞前十大車隊品牌，Focus/Mondeo 被點名為常見轉手車型。,https://www.megaparts.bg/products/avtochasti/ford/transit-platform-iv,https://www.pariteni.bg/novini/transport/koi-sa-naj-predpochitanite-marki-koli-u-nas-253893,Ford Heritage Vault — official brochures and model archive,https://fordheritagevault.com/,P0,首發核心：品牌/車型在保加利亞車隊或二手登記量高，且本地世代化拆車件供給明確。,high,false,2026-09-07
ford__focus__mk3-europe__c346,Ford,Focus,Mk3 (Europe),C346,2010,2018,歐洲市場、年級精度；同世代車身重疊時採本列 scope 的最早起始/最晚結束年,歐洲 Focus；facelift、hatch/estate/sedan 需額外 body/facelift 欄位，不靠 Mk 名稱判斷。,MEGAPARTS 可按 Focus/Fiesta/Mondeo/Kuga 世代搜尋拆車件；MVR 衍生統計把 Ford 列入保加利亞前十大車隊品牌，Focus/Mondeo 被點名為常見轉手車型。,https://www.megaparts.bg/products/avtochasti/ford/transit-platform-iv,https://www.pariteni.bg/novini/transport/koi-sa-naj-predpochitanite-marki-koli-u-nas-253893,Ford Heritage Vault — official brochures and model archive,https://fordheritagevault.com/,P0,首發核心：品牌/車型在保加利亞車隊或二手登記量高，且本地世代化拆車件供給明確。,high,false,2026-09-07
ford__fiesta__mk5-european-numbering__b256,Ford,Fiesta,Mk5 (European numbering),B256,2001,2008,歐洲市場、年級精度；同世代車身重疊時採本列 scope 的最早起始/最晚結束年,使用歐洲 Mk 編號並保留 Ford 開發碼；英美資料的世代編號可能差一代。,MEGAPARTS 可按 Focus/Fiesta/Mondeo/Kuga 世代搜尋拆車件；MVR 衍生統計把 Ford 列入保加利亞前十大車隊品牌，Focus/Mondeo 被點名為常見轉手車型。,https://www.megaparts.bg/products/avtochasti/ford/transit-platform-iv,https://www.pariteni.bg/novini/transport/koi-sa-naj-predpochitanite-marki-koli-u-nas-253893,Ford Heritage Vault — official brochures and model archive,https://fordheritagevault.com/,P1,首版納入：本地可見穩定拆車件供給或車隊基礎，但排序在最高量核心車型之後。,medium,true,2026-09-07
ford__fiesta__mk6-european-numbering__b299,Ford,Fiesta,Mk6 (European numbering),B299,2008,2017,歐洲市場、年級精度；同世代車身重疊時採本列 scope 的最早起始/最晚結束年,使用歐洲 Mk 編號並保留 Ford 開發碼；英美資料的世代編號可能差一代。,MEGAPARTS 可按 Focus/Fiesta/Mondeo/Kuga 世代搜尋拆車件；MVR 衍生統計把 Ford 列入保加利亞前十大車隊品牌，Focus/Mondeo 被點名為常見轉手車型。,https://www.megaparts.bg/products/avtochasti/ford/transit-platform-iv,https://www.pariteni.bg/novini/transport/koi-sa-naj-predpochitanite-marki-koli-u-nas-253893,Ford Heritage Vault — official brochures and model archive,https://fordheritagevault.com/,P1,首版納入：本地可見穩定拆車件供給或車隊基礎，但排序在最高量核心車型之後。,medium,true,2026-09-07
ford__fiesta__mk7-european-numbering__b479,Ford,Fiesta,Mk7 (European numbering),B479,2017,2023,歐洲市場、年級精度；同世代車身重疊時採本列 scope 的最早起始/最晚結束年,使用歐洲 Mk 編號並保留 Ford 開發碼；英美資料的世代編號可能差一代。,MEGAPARTS 可按 Focus/Fiesta/Mondeo/Kuga 世代搜尋拆車件；MVR 衍生統計把 Ford 列入保加利亞前十大車隊品牌，Focus/Mondeo 被點名為常見轉手車型。,https://www.megaparts.bg/products/avtochasti/ford/transit-platform-iv,https://www.pariteni.bg/novini/transport/koi-sa-naj-predpochitanite-marki-koli-u-nas-253893,Ford Heritage Vault — official brochures and model archive,https://fordheritagevault.com/,P1,首版納入：本地可見穩定拆車件供給或車隊基礎，但排序在最高量核心車型之後。,medium,true,2026-09-07
ford__mondeo__mk3-europe__cd132,Ford,Mondeo,Mk3 (Europe),CD132,2000,2007,歐洲市場、年級精度；同世代車身重疊時採本列 scope 的最早起始/最晚結束年,歐洲 Mondeo；北美 Fusion 不因平台關聯而合併。hatch/sedan/estate 另以 body code 配對。,MEGAPARTS 可按 Focus/Fiesta/Mondeo/Kuga 世代搜尋拆車件；MVR 衍生統計把 Ford 列入保加利亞前十大車隊品牌，Focus/Mondeo 被點名為常見轉手車型。,https://www.megaparts.bg/products/avtochasti/ford/transit-platform-iv,https://www.pariteni.bg/novini/transport/koi-sa-naj-predpochitanite-marki-koli-u-nas-253893,Ford Heritage Vault — official brochures and model archive,https://fordheritagevault.com/,P1,首版納入：本地可見穩定拆車件供給或車隊基礎，但排序在最高量核心車型之後。,high,false,2026-09-07
ford__mondeo__mk4-europe__eucd,Ford,Mondeo,Mk4 (Europe),EUCD,2007,2014,歐洲市場、年級精度；同世代車身重疊時採本列 scope 的最早起始/最晚結束年,歐洲 Mondeo；北美 Fusion 不因平台關聯而合併。hatch/sedan/estate 另以 body code 配對。,MEGAPARTS 可按 Focus/Fiesta/Mondeo/Kuga 世代搜尋拆車件；MVR 衍生統計把 Ford 列入保加利亞前十大車隊品牌，Focus/Mondeo 被點名為常見轉手車型。,https://www.megaparts.bg/products/avtochasti/ford/transit-platform-iv,https://www.pariteni.bg/novini/transport/koi-sa-naj-predpochitanite-marki-koli-u-nas-253893,Ford Heritage Vault — official brochures and model archive,https://fordheritagevault.com/,P1,首版納入：本地可見穩定拆車件供給或車隊基礎，但排序在最高量核心車型之後。,high,false,2026-09-07
ford__mondeo__mk5-europe__cd391,Ford,Mondeo,Mk5 (Europe),CD391,2014,2022,歐洲市場、年級精度；同世代車身重疊時採本列 scope 的最早起始/最晚結束年,歐洲 Mondeo；北美 Fusion 不因平台關聯而合併。hatch/sedan/estate 另以 body code 配對。,MEGAPARTS 可按 Focus/Fiesta/Mondeo/Kuga 世代搜尋拆車件；MVR 衍生統計把 Ford 列入保加利亞前十大車隊品牌，Focus/Mondeo 被點名為常見轉手車型。,https://www.megaparts.bg/products/avtochasti/ford/transit-platform-iv,https://www.pariteni.bg/novini/transport/koi-sa-naj-predpochitanite-marki-koli-u-nas-253893,Ford Heritage Vault — official brochures and model archive,https://fordheritagevault.com/,P1,首版納入：本地可見穩定拆車件供給或車隊基礎，但排序在最高量核心車型之後。,high,false,2026-09-07
ford__kuga__kuga-i__c394,Ford,Kuga,Kuga I,C394,2008,2012,歐洲市場、年級精度；同世代車身重疊時採本列 scope 的最早起始/最晚結束年,歐洲 Kuga；北美 Escape 不自動合併，雖部分世代共享開發基礎。,MEGAPARTS 可按 Focus/Fiesta/Mondeo/Kuga 世代搜尋拆車件；MVR 衍生統計把 Ford 列入保加利亞前十大車隊品牌，Focus/Mondeo 被點名為常見轉手車型。,https://www.megaparts.bg/products/avtochasti/ford/transit-platform-iv,https://www.pariteni.bg/novini/transport/koi-sa-naj-predpochitanite-marki-koli-u-nas-253893,Ford Media Europe — official model archive,https://media.ford.com/content/fordmedia/feu/en.html,P1,首版納入：本地可見穩定拆車件供給或車隊基礎，但排序在最高量核心車型之後。,high,false,2026-09-07
ford__kuga__kuga-ii__c520,Ford,Kuga,Kuga II,C520,2012,2019,歐洲市場、年級精度；同世代車身重疊時採本列 scope 的最早起始/最晚結束年,歐洲 Kuga；北美 Escape 不自動合併，雖部分世代共享開發基礎。,MEGAPARTS 可按 Focus/Fiesta/Mondeo/Kuga 世代搜尋拆車件；MVR 衍生統計把 Ford 列入保加利亞前十大車隊品牌，Focus/Mondeo 被點名為常見轉手車型。,https://www.megaparts.bg/products/avtochasti/ford/transit-platform-iv,https://www.pariteni.bg/novini/transport/koi-sa-naj-predpochitanite-marki-koli-u-nas-253893,Ford Media Europe — official model archive,https://media.ford.com/content/fordmedia/feu/en.html,P1,首版納入：本地可見穩定拆車件供給或車隊基礎，但排序在最高量核心車型之後。,high,false,2026-09-07
renault__clio__clio-ii__x65,Renault,Clio,Clio II,X65,1998,2012,歐洲市場、年級精度；同世代車身重疊時採本列 scope 的最早起始/最晚結束年,歐洲一般量產 Clio；Clio V6 與 Renaultsport 特殊件不納入一般相容。,MEGAPARTS 有 Clio/Mégane/Scénic/Laguna 世代化拆車件；MVR 衍生統計把 Renault 列入保加利亞前十大車隊品牌。,https://www.megaparts.bg/products/avtochasti/renault/trafic-iii-platform,https://www.pariteni.bg/novini/transport/koi-sa-naj-predpochitanite-marki-koli-u-nas-253893,The Originals Renault Museum — official heritage archive,https://theoriginals.renault.com/en,P0,首發核心：品牌/車型在保加利亞車隊或二手登記量高，且本地世代化拆車件供給明確。,high,false,2026-09-07
renault__clio__clio-iii__x85,Renault,Clio,Clio III,X85,2005,2014,歐洲市場、年級精度；同世代車身重疊時採本列 scope 的最早起始/最晚結束年,歐洲一般量產 Clio；Clio V6 與 Renaultsport 特殊件不納入一般相容。,MEGAPARTS 有 Clio/Mégane/Scénic/Laguna 世代化拆車件；MVR 衍生統計把 Renault 列入保加利亞前十大車隊品牌。,https://www.megaparts.bg/products/avtochasti/renault/trafic-iii-platform,https://www.pariteni.bg/novini/transport/koi-sa-naj-predpochitanite-marki-koli-u-nas-253893,The Originals Renault Museum — official heritage archive,https://theoriginals.renault.com/en,P0,首發核心：品牌/車型在保加利亞車隊或二手登記量高，且本地世代化拆車件供給明確。,high,false,2026-09-07
renault__clio__clio-iv__x98,Renault,Clio,Clio IV,X98,2012,2020,歐洲市場、年級精度；同世代車身重疊時採本列 scope 的最早起始/最晚結束年,歐洲一般量產 Clio；Clio V6 與 Renaultsport 特殊件不納入一般相容。,MEGAPARTS 有 Clio/Mégane/Scénic/Laguna 世代化拆車件；MVR 衍生統計把 Renault 列入保加利亞前十大車隊品牌。,https://www.megaparts.bg/products/avtochasti/renault/trafic-iii-platform,https://www.pariteni.bg/novini/transport/koi-sa-naj-predpochitanite-marki-koli-u-nas-253893,The Originals Renault Museum — official heritage archive,https://theoriginals.renault.com/en,P0,首發核心：品牌/車型在保加利亞車隊或二手登記量高，且本地世代化拆車件供給明確。,high,false,2026-09-07
renault__megane__megane-ii__x84,Renault,Mégane,Mégane II,X84,2002,2009,歐洲市場、年級精度；同世代車身重疊時採本列 scope 的最早起始/最晚結束年,歐洲 Mégane；coupé/cabriolet/sedan/estate 以 body code 配對。Scénic 不合併。,MEGAPARTS 有 Clio/Mégane/Scénic/Laguna 世代化拆車件；MVR 衍生統計把 Renault 列入保加利亞前十大車隊品牌。,https://www.megaparts.bg/products/avtochasti/renault/trafic-iii-platform,https://www.pariteni.bg/novini/transport/koi-sa-naj-predpochitanite-marki-koli-u-nas-253893,The Originals Renault Museum — Mégane archive,https://theoriginals.renault.com/en/megane-coupe,P0,首發核心：品牌/車型在保加利亞車隊或二手登記量高，且本地世代化拆車件供給明確。,high,false,2026-09-07
renault__megane__megane-iii__x95,Renault,Mégane,Mégane III,X95,2008,2016,歐洲市場、年級精度；同世代車身重疊時採本列 scope 的最早起始/最晚結束年,歐洲 Mégane；coupé/cabriolet/sedan/estate 以 body code 配對。Scénic 不合併。,MEGAPARTS 有 Clio/Mégane/Scénic/Laguna 世代化拆車件；MVR 衍生統計把 Renault 列入保加利亞前十大車隊品牌。,https://www.megaparts.bg/products/avtochasti/renault/trafic-iii-platform,https://www.pariteni.bg/novini/transport/koi-sa-naj-predpochitanite-marki-koli-u-nas-253893,The Originals Renault Museum — Mégane archive,https://theoriginals.renault.com/en/megane-coupe,P0,首發核心：品牌/車型在保加利亞車隊或二手登記量高，且本地世代化拆車件供給明確。,high,false,2026-09-07
renault__megane__megane-iv__xfb,Renault,Mégane,Mégane IV,XFB,2016,2024,歐洲市場、年級精度；同世代車身重疊時採本列 scope 的最早起始/最晚結束年,歐洲 Mégane；coupé/cabriolet/sedan/estate 以 body code 配對。Scénic 不合併。,MEGAPARTS 有 Clio/Mégane/Scénic/Laguna 世代化拆車件；MVR 衍生統計把 Renault 列入保加利亞前十大車隊品牌。,https://www.megaparts.bg/products/avtochasti/renault/trafic-iii-platform,https://www.pariteni.bg/novini/transport/koi-sa-naj-predpochitanite-marki-koli-u-nas-253893,The Originals Renault Museum — Mégane archive,https://theoriginals.renault.com/en/megane-coupe,P1,首版納入：本地可見穩定拆車件供給或車隊基礎，但排序在最高量核心車型之後。,high,false,2026-09-07
renault__scenic__scenic-ii__jm,Renault,Scénic,Scénic II,JM,2003,2009,歐洲市場、年級精度；同世代車身重疊時採本列 scope 的最早起始/最晚結束年,Scénic 與 Grand Scénic 同世代分 body；鈑件/玻璃/內裝不可直接互配。,MEGAPARTS 有 Clio/Mégane/Scénic/Laguna 世代化拆車件；MVR 衍生統計把 Renault 列入保加利亞前十大車隊品牌。,https://www.megaparts.bg/products/avtochasti/renault/trafic-iii-platform,https://www.pariteni.bg/novini/transport/koi-sa-naj-predpochitanite-marki-koli-u-nas-253893,The Originals Renault Museum — Scénic archive,https://theoriginals.renault.com/en/scenic-rxt,P1,首版納入：本地可見穩定拆車件供給或車隊基礎，但排序在最高量核心車型之後。,high,false,2026-09-07
renault__scenic__scenic-iii__jz,Renault,Scénic,Scénic III,JZ,2009,2016,歐洲市場、年級精度；同世代車身重疊時採本列 scope 的最早起始/最晚結束年,Scénic 與 Grand Scénic 同世代分 body；鈑件/玻璃/內裝不可直接互配。,MEGAPARTS 有 Clio/Mégane/Scénic/Laguna 世代化拆車件；MVR 衍生統計把 Renault 列入保加利亞前十大車隊品牌。,https://www.megaparts.bg/products/avtochasti/renault/trafic-iii-platform,https://www.pariteni.bg/novini/transport/koi-sa-naj-predpochitanite-marki-koli-u-nas-253893,The Originals Renault Museum — Scénic archive,https://theoriginals.renault.com/en/scenic-rxt,P1,首版納入：本地可見穩定拆車件供給或車隊基礎，但排序在最高量核心車型之後。,high,false,2026-09-07
renault__scenic__scenic-iv__jfa-rfa,Renault,Scénic,Scénic IV,JFA/RFA,2016,2023,歐洲市場、年級精度；同世代車身重疊時採本列 scope 的最早起始/最晚結束年,Scénic 與 Grand Scénic 同世代分 body；鈑件/玻璃/內裝不可直接互配。,MEGAPARTS 有 Clio/Mégane/Scénic/Laguna 世代化拆車件；MVR 衍生統計把 Renault 列入保加利亞前十大車隊品牌。,https://www.megaparts.bg/products/avtochasti/renault/trafic-iii-platform,https://www.pariteni.bg/novini/transport/koi-sa-naj-predpochitanite-marki-koli-u-nas-253893,The Originals Renault Museum — Scénic archive,https://theoriginals.renault.com/en/scenic-rxt,P1,首版納入：本地可見穩定拆車件供給或車隊基礎，但排序在最高量核心車型之後。,high,false,2026-09-07
renault__laguna__laguna-ii__x74,Renault,Laguna,Laguna II,X74,2001,2007,歐洲市場、年級精度；同世代車身重疊時採本列 scope 的最早起始/最晚結束年,歐洲 Laguna hatch/estate；coupé 需另以 body code 配對。,MEGAPARTS 有 Clio/Mégane/Scénic/Laguna 世代化拆車件；MVR 衍生統計把 Renault 列入保加利亞前十大車隊品牌。,https://www.megaparts.bg/products/avtochasti/renault/trafic-iii-platform,https://www.pariteni.bg/novini/transport/koi-sa-naj-predpochitanite-marki-koli-u-nas-253893,The Originals Renault Museum — official heritage archive,https://theoriginals.renault.com/en,P2,低排序保留：世代較老、供給較薄或命名/車身邊界需先由本地庫存驗證。,high,false,2026-09-07
renault__laguna__laguna-iii__x91,Renault,Laguna,Laguna III,X91,2007,2015,歐洲市場、年級精度；同世代車身重疊時採本列 scope 的最早起始/最晚結束年,歐洲 Laguna hatch/estate；coupé 需另以 body code 配對。,MEGAPARTS 有 Clio/Mégane/Scénic/Laguna 世代化拆車件；MVR 衍生統計把 Renault 列入保加利亞前十大車隊品牌。,https://www.megaparts.bg/products/avtochasti/renault/trafic-iii-platform,https://www.pariteni.bg/novini/transport/koi-sa-naj-predpochitanite-marki-koli-u-nas-253893,The Originals Renault Museum — official heritage archive,https://theoriginals.renault.com/en,P1,首版納入：本地可見穩定拆車件供給或車隊基礎，但排序在最高量核心車型之後。,high,false,2026-09-07
peugeot__206__206-206__t1,Peugeot,206,206 / 206+,T1,1998,2012,歐洲市場、年級精度；同世代車身重疊時採本列 scope 的最早起始/最晚結束年,206 與 206+ 保留同 lineage 但 facelift/車身件需分；206 CC 不與 hatch 鈑件互推。,MEGAPARTS 有 206/207/307/308 世代化拆車件；MVR 衍生統計把 Peugeot 列入前十大車隊品牌，2025 二手登記資料顯示法系品牌合計約 11%。,https://www.megaparts.bg/products/avtochasti/peugeot/expert-platform-iii,https://www.pariteni.bg/novini/transport/koi-sa-naj-predpochitanite-marki-koli-u-nas-253893,Peugeot/Stellantis Media — official history archive,https://www.media.stellantis.com/em-en/peugeot,P1,首版納入：本地可見穩定拆車件供給或車隊基礎，但排序在最高量核心車型之後。,high,false,2026-09-07
peugeot__207__207__a7,Peugeot,207,207,A7,2006,2014,歐洲市場、年級精度；同世代車身重疊時採本列 scope 的最早起始/最晚結束年,207 與 207 CC/SW 依 body code 配對；不與 206 或 208 合併。,MEGAPARTS 有 206/207/307/308 世代化拆車件；MVR 衍生統計把 Peugeot 列入前十大車隊品牌，2025 二手登記資料顯示法系品牌合計約 11%。,https://www.megaparts.bg/products/avtochasti/peugeot/expert-platform-iii,https://www.pariteni.bg/novini/transport/koi-sa-naj-predpochitanite-marki-koli-u-nas-253893,Peugeot/Stellantis Media — official history archive,https://www.media.stellantis.com/em-en/peugeot,P1,首版納入：本地可見穩定拆車件供給或車隊基礎，但排序在最高量核心車型之後。,high,false,2026-09-07
peugeot__307__307__t5,Peugeot,307,307,T5,2001,2009,歐洲市場、年級精度；同世代車身重疊時採本列 scope 的最早起始/最晚結束年,307 hatch/SW/CC 各自配對；不與 308 合併。,MEGAPARTS 有 206/207/307/308 世代化拆車件；MVR 衍生統計把 Peugeot 列入前十大車隊品牌，2025 二手登記資料顯示法系品牌合計約 11%。,https://www.megaparts.bg/products/avtochasti/peugeot/expert-platform-iii,https://www.pariteni.bg/novini/transport/koi-sa-naj-predpochitanite-marki-koli-u-nas-253893,Peugeot/Stellantis Media — official history archive,https://www.media.stellantis.com/em-en/peugeot,P1,首版納入：本地可見穩定拆車件供給或車隊基礎，但排序在最高量核心車型之後。,high,false,2026-09-07
peugeot__308__308-i__t7,Peugeot,308,308 I,T7,2007,2015,歐洲市場、年級精度；同世代車身重疊時採本列 scope 的最早起始/最晚結束年,第一、二代分開；hatch/SW/CC 依 body code 配對。,MEGAPARTS 有 206/207/307/308 世代化拆車件；MVR 衍生統計把 Peugeot 列入前十大車隊品牌，2025 二手登記資料顯示法系品牌合計約 11%。,https://www.megaparts.bg/products/avtochasti/peugeot/expert-platform-iii,https://www.pariteni.bg/novini/transport/koi-sa-naj-predpochitanite-marki-koli-u-nas-253893,Peugeot/Stellantis Media — official history archive,https://www.media.stellantis.com/em-en/peugeot,P1,首版納入：本地可見穩定拆車件供給或車隊基礎，但排序在最高量核心車型之後。,high,false,2026-09-07
peugeot__308__308-ii__t9,Peugeot,308,308 II,T9,2013,2021,歐洲市場、年級精度；同世代車身重疊時採本列 scope 的最早起始/最晚結束年,第一、二代分開；hatch/SW/CC 依 body code 配對。,MEGAPARTS 有 206/207/307/308 世代化拆車件；MVR 衍生統計把 Peugeot 列入前十大車隊品牌，2025 二手登記資料顯示法系品牌合計約 11%。,https://www.megaparts.bg/products/avtochasti/peugeot/expert-platform-iii,https://www.pariteni.bg/novini/transport/koi-sa-naj-predpochitanite-marki-koli-u-nas-253893,Peugeot/Stellantis Media — official history archive,https://www.media.stellantis.com/em-en/peugeot,P1,首版納入：本地可見穩定拆車件供給或車隊基礎，但排序在最高量核心車型之後。,high,false,2026-09-07
citroen__c3__c3-i__fc-fn,Citroën,C3,C3 I,FC/FN,2002,2009,歐洲市場、年級精度；同世代車身重疊時採本列 scope 的最早起始/最晚結束年,歐洲 C3 hatch；C3 Pluriel、Picasso、Aircross 不納入。,MEGAPARTS 有 C3/C4/C5 世代化拆車件；2025 年二手登記資料顯示法系品牌合計約 11%，支持首版納入主力 C 系列。,https://www.megaparts.bg/products/avtochasti/citroen/xm-ii-break,https://automedia.investor.bg/a/2-novini/63923-eto-nay-tarsenite-koli-na-staro-v-balgariya-prez-2025,Citroën/Stellantis Media — official heritage archive,https://www.media.stellantis.com/em-en/citroen,P1,首版納入：本地可見穩定拆車件供給或車隊基礎，但排序在最高量核心車型之後。,high,false,2026-09-07
citroen__c3__c3-ii__sc,Citroën,C3,C3 II,SC,2009,2016,歐洲市場、年級精度；同世代車身重疊時採本列 scope 的最早起始/最晚結束年,歐洲 C3 hatch；C3 Pluriel、Picasso、Aircross 不納入。,MEGAPARTS 有 C3/C4/C5 世代化拆車件；2025 年二手登記資料顯示法系品牌合計約 11%，支持首版納入主力 C 系列。,https://www.megaparts.bg/products/avtochasti/citroen/xm-ii-break,https://automedia.investor.bg/a/2-novini/63923-eto-nay-tarsenite-koli-na-staro-v-balgariya-prez-2025,Citroën/Stellantis Media — official heritage archive,https://www.media.stellantis.com/em-en/citroen,P1,首版納入：本地可見穩定拆車件供給或車隊基礎，但排序在最高量核心車型之後。,high,false,2026-09-07
citroen__c4__c4-i__lc-la,Citroën,C4,C4 I,LC/LA,2004,2010,歐洲市場、年級精度；同世代車身重疊時採本列 scope 的最早起始/最晚結束年,歐洲 C4 hatch/coupé 主體；C4 Picasso/Grand Picasso/Cactus 不納入。,MEGAPARTS 有 C3/C4/C5 世代化拆車件；2025 年二手登記資料顯示法系品牌合計約 11%，支持首版納入主力 C 系列。,https://www.megaparts.bg/products/avtochasti/citroen/xm-ii-break,https://automedia.investor.bg/a/2-novini/63923-eto-nay-tarsenite-koli-na-staro-v-balgariya-prez-2025,Citroën/Stellantis Media — official heritage archive,https://www.media.stellantis.com/em-en/citroen,P1,首版納入：本地可見穩定拆車件供給或車隊基礎，但排序在最高量核心車型之後。,high,false,2026-09-07
citroen__c4__c4-ii__b7,Citroën,C4,C4 II,B7,2010,2018,歐洲市場、年級精度；同世代車身重疊時採本列 scope 的最早起始/最晚結束年,歐洲 C4 hatch/coupé 主體；C4 Picasso/Grand Picasso/Cactus 不納入。,MEGAPARTS 有 C3/C4/C5 世代化拆車件；2025 年二手登記資料顯示法系品牌合計約 11%，支持首版納入主力 C 系列。,https://www.megaparts.bg/products/avtochasti/citroen/xm-ii-break,https://automedia.investor.bg/a/2-novini/63923-eto-nay-tarsenite-koli-na-staro-v-balgariya-prez-2025,Citroën/Stellantis Media — official heritage archive,https://www.media.stellantis.com/em-en/citroen,P1,首版納入：本地可見穩定拆車件供給或車隊基礎，但排序在最高量核心車型之後。,high,false,2026-09-07
citroen__c5__c5-i__dc-de-facelift-rc-re,Citroën,C5,C5 I,DC/DE; facelift RC/RE,2001,2008,歐洲市場、年級精度；同世代車身重疊時採本列 scope 的最早起始/最晚結束年,歐洲 C5 hatch/estate 或 sedan/estate；部分零件網站把第二代稱 C5 III，需保存 alias。,MEGAPARTS 有 C3/C4/C5 世代化拆車件；2025 年二手登記資料顯示法系品牌合計約 11%，支持首版納入主力 C 系列。,https://www.megaparts.bg/products/avtochasti/citroen/xm-ii-break,https://automedia.investor.bg/a/2-novini/63923-eto-nay-tarsenite-koli-na-staro-v-balgariya-prez-2025,Citroën/Stellantis Media — official heritage archive,https://www.media.stellantis.com/em-en/citroen,P2,低排序保留：世代較老、供給較薄或命名/車身邊界需先由本地庫存驗證。,high,false,2026-09-07
citroen__c5__c5-ii-often-listed-as-c5-iii__rd-td,Citroën,C5,C5 II (often listed as C5 III),RD/TD,2008,2017,歐洲市場、年級精度；同世代車身重疊時採本列 scope 的最早起始/最晚結束年,歐洲 C5 hatch/estate 或 sedan/estate；部分零件網站把第二代稱 C5 III，需保存 alias。,MEGAPARTS 有 C3/C4/C5 世代化拆車件；2025 年二手登記資料顯示法系品牌合計約 11%，支持首版納入主力 C 系列。,https://www.megaparts.bg/products/avtochasti/citroen/xm-ii-break,https://automedia.investor.bg/a/2-novini/63923-eto-nay-tarsenite-koli-na-staro-v-balgariya-prez-2025,Citroën/Stellantis Media — official heritage archive,https://www.media.stellantis.com/em-en/citroen,P1,首版納入：本地可見穩定拆車件供給或車隊基礎，但排序在最高量核心車型之後。,medium,true,2026-09-07
skoda__octavia__octavia-i__1u,Škoda,Octavia,Octavia I,1U,1996,2010,歐洲市場、年級精度；同世代車身重疊時採本列 scope 的最早起始/最晚結束年,歐洲 liftback/Combi；Scout/vRS 的底盤、煞車與外觀差異需 OE 配對。,MEGAPARTS 按 Octavia/Fabia/Superb 世代與車身型式提供拆車件，顯示本地有可操作的供給與搜尋習慣；優先級仍應用實際庫存筆數複核。,https://www.megaparts.bg/products/avtochasti/skoda/octavia-iv-hatchback,https://www.pariteni.bg/novini/transport/koi-sa-naj-predpochitanite-marki-koli-u-nas-253893,Škoda Storyboard — official model and heritage archive,https://www.skoda-storyboard.com/en/,P0,首發核心：品牌/車型在保加利亞車隊或二手登記量高，且本地世代化拆車件供給明確。,high,false,2026-09-07
skoda__octavia__octavia-ii__1z,Škoda,Octavia,Octavia II,1Z,2004,2013,歐洲市場、年級精度；同世代車身重疊時採本列 scope 的最早起始/最晚結束年,歐洲 liftback/Combi；Scout/vRS 的底盤、煞車與外觀差異需 OE 配對。,MEGAPARTS 按 Octavia/Fabia/Superb 世代與車身型式提供拆車件，顯示本地有可操作的供給與搜尋習慣；優先級仍應用實際庫存筆數複核。,https://www.megaparts.bg/products/avtochasti/skoda/octavia-iv-hatchback,https://www.pariteni.bg/novini/transport/koi-sa-naj-predpochitanite-marki-koli-u-nas-253893,Škoda Storyboard — official model and heritage archive,https://www.skoda-storyboard.com/en/,P0,首發核心：品牌/車型在保加利亞車隊或二手登記量高，且本地世代化拆車件供給明確。,high,false,2026-09-07
skoda__octavia__octavia-iii__5e,Škoda,Octavia,Octavia III,5E,2012,2020,歐洲市場、年級精度；同世代車身重疊時採本列 scope 的最早起始/最晚結束年,歐洲 liftback/Combi；Scout/vRS 的底盤、煞車與外觀差異需 OE 配對。,MEGAPARTS 按 Octavia/Fabia/Superb 世代與車身型式提供拆車件，顯示本地有可操作的供給與搜尋習慣；優先級仍應用實際庫存筆數複核。,https://www.megaparts.bg/products/avtochasti/skoda/octavia-iv-hatchback,https://www.pariteni.bg/novini/transport/koi-sa-naj-predpochitanite-marki-koli-u-nas-253893,Škoda Storyboard — official model and heritage archive,https://www.skoda-storyboard.com/en/,P0,首發核心：品牌/車型在保加利亞車隊或二手登記量高，且本地世代化拆車件供給明確。,high,false,2026-09-07
skoda__fabia__fabia-i__6y,Škoda,Fabia,Fabia I,6Y,1999,2008,歐洲市場、年級精度；同世代車身重疊時採本列 scope 的最早起始/最晚結束年,歐洲 hatch/Combi；sedan 僅存在於特定世代，按 body code 配對。,MEGAPARTS 按 Octavia/Fabia/Superb 世代與車身型式提供拆車件，顯示本地有可操作的供給與搜尋習慣；優先級仍應用實際庫存筆數複核。,https://www.megaparts.bg/products/avtochasti/skoda/octavia-iv-hatchback,https://www.pariteni.bg/novini/transport/koi-sa-naj-predpochitanite-marki-koli-u-nas-253893,Škoda Storyboard — official model and heritage archive,https://www.skoda-storyboard.com/en/,P1,首版納入：本地可見穩定拆車件供給或車隊基礎，但排序在最高量核心車型之後。,high,false,2026-09-07
skoda__fabia__fabia-ii__5j,Škoda,Fabia,Fabia II,5J,2007,2014,歐洲市場、年級精度；同世代車身重疊時採本列 scope 的最早起始/最晚結束年,歐洲 hatch/Combi；sedan 僅存在於特定世代，按 body code 配對。,MEGAPARTS 按 Octavia/Fabia/Superb 世代與車身型式提供拆車件，顯示本地有可操作的供給與搜尋習慣；優先級仍應用實際庫存筆數複核。,https://www.megaparts.bg/products/avtochasti/skoda/octavia-iv-hatchback,https://www.pariteni.bg/novini/transport/koi-sa-naj-predpochitanite-marki-koli-u-nas-253893,Škoda Storyboard — official model and heritage archive,https://www.skoda-storyboard.com/en/,P1,首版納入：本地可見穩定拆車件供給或車隊基礎，但排序在最高量核心車型之後。,high,false,2026-09-07
skoda__fabia__fabia-iii__nj,Škoda,Fabia,Fabia III,NJ,2014,2022,歐洲市場、年級精度；同世代車身重疊時採本列 scope 的最早起始/最晚結束年,歐洲 hatch/Combi；sedan 僅存在於特定世代，按 body code 配對。,MEGAPARTS 按 Octavia/Fabia/Superb 世代與車身型式提供拆車件，顯示本地有可操作的供給與搜尋習慣；優先級仍應用實際庫存筆數複核。,https://www.megaparts.bg/products/avtochasti/skoda/octavia-iv-hatchback,https://www.pariteni.bg/novini/transport/koi-sa-naj-predpochitanite-marki-koli-u-nas-253893,Škoda Storyboard — official model and heritage archive,https://www.skoda-storyboard.com/en/,P1,首版納入：本地可見穩定拆車件供給或車隊基礎，但排序在最高量核心車型之後。,high,false,2026-09-07
skoda__superb__superb-i__3u,Škoda,Superb,Superb I,3U,2001,2008,歐洲市場、年級精度；同世代車身重疊時採本列 scope 的最早起始/最晚結束年,歐洲 Superb；liftback/sedan/Combi 依世代與 body code 配對。,MEGAPARTS 按 Octavia/Fabia/Superb 世代與車身型式提供拆車件，顯示本地有可操作的供給與搜尋習慣；優先級仍應用實際庫存筆數複核。,https://www.megaparts.bg/products/avtochasti/skoda/octavia-iv-hatchback,https://www.pariteni.bg/novini/transport/koi-sa-naj-predpochitanite-marki-koli-u-nas-253893,Škoda Storyboard — official model and heritage archive,https://www.skoda-storyboard.com/en/,P1,首版納入：本地可見穩定拆車件供給或車隊基礎，但排序在最高量核心車型之後。,high,false,2026-09-07
skoda__superb__superb-ii__3t,Škoda,Superb,Superb II,3T,2008,2015,歐洲市場、年級精度；同世代車身重疊時採本列 scope 的最早起始/最晚結束年,歐洲 Superb；liftback/sedan/Combi 依世代與 body code 配對。,MEGAPARTS 按 Octavia/Fabia/Superb 世代與車身型式提供拆車件，顯示本地有可操作的供給與搜尋習慣；優先級仍應用實際庫存筆數複核。,https://www.megaparts.bg/products/avtochasti/skoda/octavia-iv-hatchback,https://www.pariteni.bg/novini/transport/koi-sa-naj-predpochitanite-marki-koli-u-nas-253893,Škoda Storyboard — official model and heritage archive,https://www.skoda-storyboard.com/en/,P1,首版納入：本地可見穩定拆車件供給或車隊基礎，但排序在最高量核心車型之後。,high,false,2026-09-07
skoda__superb__superb-iii__3v,Škoda,Superb,Superb III,3V,2015,2024,歐洲市場、年級精度；同世代車身重疊時採本列 scope 的最早起始/最晚結束年,歐洲 Superb；liftback/sedan/Combi 依世代與 body code 配對。,MEGAPARTS 按 Octavia/Fabia/Superb 世代與車身型式提供拆車件，顯示本地有可操作的供給與搜尋習慣；優先級仍應用實際庫存筆數複核。,https://www.megaparts.bg/products/avtochasti/skoda/octavia-iv-hatchback,https://www.pariteni.bg/novini/transport/koi-sa-naj-predpochitanite-marki-koli-u-nas-253893,Škoda Storyboard — official model and heritage archive,https://www.skoda-storyboard.com/en/,P1,首版納入：本地可見穩定拆車件供給或車隊基礎，但排序在最高量核心車型之後。,high,false,2026-09-07
toyota__corolla__corolla-ix__e120-e130,Toyota,Corolla,Corolla IX,E120/E130,2000,2007,歐洲市場、年級精度；同世代車身重疊時採本列 scope 的最早起始/最晚結束年,僅歐洲 Corolla 名稱車型；E150/E180 的 Auris hatch 不併入 Corolla。,MEGAPARTS 有 Corolla/Avensis/RAV4 世代化拆車件；2025 年二手登記 Toyota 約 5.3%，日系品牌合計約 16%。,https://www.megaparts.bg/products/avtochasti/toyota/rav4-iii-suv,https://automedia.investor.bg/a/2-novini/63923-eto-nay-tarsenite-koli-na-staro-v-balgariya-prez-2025,Toyota 75 Years — official vehicle lineage,https://global.toyota/en/company/history-of-toyota/75years/vehicle_lineage/,P0,首發核心：品牌/車型在保加利亞車隊或二手登記量高，且本地世代化拆車件供給明確。,high,false,2026-09-07
toyota__corolla__corolla-x-european-sedan-scope__e140-e150,Toyota,Corolla,Corolla X (European sedan scope),E140/E150,2006,2013,歐洲市場、年級精度；同世代車身重疊時採本列 scope 的最早起始/最晚結束年,僅歐洲 Corolla 名稱車型；E150/E180 的 Auris hatch 不併入 Corolla。,MEGAPARTS 有 Corolla/Avensis/RAV4 世代化拆車件；2025 年二手登記 Toyota 約 5.3%，日系品牌合計約 16%。,https://www.megaparts.bg/products/avtochasti/toyota/rav4-iii-suv,https://automedia.investor.bg/a/2-novini/63923-eto-nay-tarsenite-koli-na-staro-v-balgariya-prez-2025,Toyota 75 Years — official vehicle lineage,https://global.toyota/en/company/history-of-toyota/75years/vehicle_lineage/,P0,首發核心：品牌/車型在保加利亞車隊或二手登記量高，且本地世代化拆車件供給明確。,medium,true,2026-09-07
toyota__corolla__corolla-xi-european-sedan-scope__e170-e180,Toyota,Corolla,Corolla XI (European sedan scope),E170/E180,2013,2019,歐洲市場、年級精度；同世代車身重疊時採本列 scope 的最早起始/最晚結束年,僅歐洲 Corolla 名稱車型；E150/E180 的 Auris hatch 不併入 Corolla。,MEGAPARTS 有 Corolla/Avensis/RAV4 世代化拆車件；2025 年二手登記 Toyota 約 5.3%，日系品牌合計約 16%。,https://www.megaparts.bg/products/avtochasti/toyota/rav4-iii-suv,https://automedia.investor.bg/a/2-novini/63923-eto-nay-tarsenite-koli-na-staro-v-balgariya-prez-2025,Toyota 75 Years — official vehicle lineage,https://global.toyota/en/company/history-of-toyota/75years/vehicle_lineage/,P0,首發核心：品牌/車型在保加利亞車隊或二手登記量高，且本地世代化拆車件供給明確。,medium,true,2026-09-07
toyota__avensis__avensis-i__t22,Toyota,Avensis,Avensis I,T22,1997,2003,歐洲市場、年級精度；同世代車身重疊時採本列 scope 的最早起始/最晚結束年,歐洲 Avensis；sedan/liftback/estate 依 body code 配對。,MEGAPARTS 有 Corolla/Avensis/RAV4 世代化拆車件；2025 年二手登記 Toyota 約 5.3%，日系品牌合計約 16%。,https://www.megaparts.bg/products/avtochasti/toyota/rav4-iii-suv,https://automedia.investor.bg/a/2-novini/63923-eto-nay-tarsenite-koli-na-staro-v-balgariya-prez-2025,Toyota 75 Years — official vehicle lineage,https://global.toyota/en/company/history-of-toyota/75years/vehicle_lineage/,P2,低排序保留：世代較老、供給較薄或命名/車身邊界需先由本地庫存驗證。,high,false,2026-09-07
toyota__avensis__avensis-ii__t25,Toyota,Avensis,Avensis II,T25,2003,2009,歐洲市場、年級精度；同世代車身重疊時採本列 scope 的最早起始/最晚結束年,歐洲 Avensis；sedan/liftback/estate 依 body code 配對。,MEGAPARTS 有 Corolla/Avensis/RAV4 世代化拆車件；2025 年二手登記 Toyota 約 5.3%，日系品牌合計約 16%。,https://www.megaparts.bg/products/avtochasti/toyota/rav4-iii-suv,https://automedia.investor.bg/a/2-novini/63923-eto-nay-tarsenite-koli-na-staro-v-balgariya-prez-2025,Toyota 75 Years — official vehicle lineage,https://global.toyota/en/company/history-of-toyota/75years/vehicle_lineage/,P1,首版納入：本地可見穩定拆車件供給或車隊基礎，但排序在最高量核心車型之後。,high,false,2026-09-07
toyota__avensis__avensis-iii__t27,Toyota,Avensis,Avensis III,T27,2008,2018,歐洲市場、年級精度；同世代車身重疊時採本列 scope 的最早起始/最晚結束年,歐洲 Avensis；sedan/liftback/estate 依 body code 配對。,MEGAPARTS 有 Corolla/Avensis/RAV4 世代化拆車件；2025 年二手登記 Toyota 約 5.3%，日系品牌合計約 16%。,https://www.megaparts.bg/products/avtochasti/toyota/rav4-iii-suv,https://automedia.investor.bg/a/2-novini/63923-eto-nay-tarsenite-koli-na-staro-v-balgariya-prez-2025,Toyota 75 Years — official vehicle lineage,https://global.toyota/en/company/history-of-toyota/75years/vehicle_lineage/,P1,首版納入：本地可見穩定拆車件供給或車隊基礎，但排序在最高量核心車型之後。,high,false,2026-09-07
toyota__rav4__rav4-ii__xa20,Toyota,RAV4,RAV4 II,XA20,2000,2005,歐洲市場、年級精度；同世代車身重疊時採本列 scope 的最早起始/最晚結束年,歐洲 RAV4；短軸/長軸、2WD/4WD 與動力配置需額外 fitment。,MEGAPARTS 有 Corolla/Avensis/RAV4 世代化拆車件；2025 年二手登記 Toyota 約 5.3%，日系品牌合計約 16%。,https://www.megaparts.bg/products/avtochasti/toyota/rav4-iii-suv,https://automedia.investor.bg/a/2-novini/63923-eto-nay-tarsenite-koli-na-staro-v-balgariya-prez-2025,Toyota 75 Years — official vehicle lineage,https://global.toyota/en/company/history-of-toyota/75years/vehicle_lineage/,P1,首版納入：本地可見穩定拆車件供給或車隊基礎，但排序在最高量核心車型之後。,high,false,2026-09-07
toyota__rav4__rav4-iii__xa30,Toyota,RAV4,RAV4 III,XA30,2005,2012,歐洲市場、年級精度；同世代車身重疊時採本列 scope 的最早起始/最晚結束年,歐洲 RAV4；短軸/長軸、2WD/4WD 與動力配置需額外 fitment。,MEGAPARTS 有 Corolla/Avensis/RAV4 世代化拆車件；2025 年二手登記 Toyota 約 5.3%，日系品牌合計約 16%。,https://www.megaparts.bg/products/avtochasti/toyota/rav4-iii-suv,https://automedia.investor.bg/a/2-novini/63923-eto-nay-tarsenite-koli-na-staro-v-balgariya-prez-2025,Toyota 75 Years — official vehicle lineage,https://global.toyota/en/company/history-of-toyota/75years/vehicle_lineage/,P0,首發核心：品牌/車型在保加利亞車隊或二手登記量高，且本地世代化拆車件供給明確。,high,false,2026-09-07
toyota__rav4__rav4-iv__xa40,Toyota,RAV4,RAV4 IV,XA40,2012,2018,歐洲市場、年級精度；同世代車身重疊時採本列 scope 的最早起始/最晚結束年,歐洲 RAV4；短軸/長軸、2WD/4WD 與動力配置需額外 fitment。,MEGAPARTS 有 Corolla/Avensis/RAV4 世代化拆車件；2025 年二手登記 Toyota 約 5.3%，日系品牌合計約 16%。,https://www.megaparts.bg/products/avtochasti/toyota/rav4-iii-suv,https://automedia.investor.bg/a/2-novini/63923-eto-nay-tarsenite-koli-na-staro-v-balgariya-prez-2025,Toyota 75 Years — official vehicle lineage,https://global.toyota/en/company/history-of-toyota/75years/vehicle_lineage/,P0,首發核心：品牌/車型在保加利亞車隊或二手登記量高，且本地世代化拆車件供給明確。,high,false,2026-09-07
honda__civic__civic-vii__eu-ep-es-em,Honda,Civic,Civic VII,EU/EP/ES/EM,2000,2005,歐洲市場、年級精度；同世代車身重疊時採本列 scope 的最早起始/最晚結束年,第八、九代歐規 hatch 與 sedan 為不同車體家族，已拆成獨立列；不可僅以 Civic 世代互配。,MEGAPARTS 有 Civic/CR-V 世代化拆車件；2025 年二手登記資料顯示日系品牌合計約 16%，CR-V 亦出現在當地熱門二手車型脈絡。,https://www.megaparts.bg/products/avtochasti/honda/cr-v-i-suv,https://automedia.investor.bg/a/2-novini/63923-eto-nay-tarsenite-koli-na-staro-v-balgariya-prez-2025,Honda Global Heritage — official model archive,https://global.honda/en/heritage/,P2,低排序保留：世代較老、供給較薄或命名/車身邊界需先由本地庫存驗證。,medium,false,2026-09-07
honda__civic__civic-viii-european-hatch__fk-fn,Honda,Civic,Civic VIII — European hatch,FK/FN,2005,2011,歐洲市場、年級精度；同世代車身重疊時採本列 scope 的最早起始/最晚結束年,第八、九代歐規 hatch 與 sedan 為不同車體家族，已拆成獨立列；不可僅以 Civic 世代互配。,MEGAPARTS 有 Civic/CR-V 世代化拆車件；2025 年二手登記資料顯示日系品牌合計約 16%，CR-V 亦出現在當地熱門二手車型脈絡。,https://www.megaparts.bg/products/avtochasti/honda/cr-v-i-suv,https://automedia.investor.bg/a/2-novini/63923-eto-nay-tarsenite-koli-na-staro-v-balgariya-prez-2025,Honda Global Heritage — official model archive,https://global.honda/en/heritage/,P1,首版納入：本地可見穩定拆車件供給或車隊基礎，但排序在最高量核心車型之後。,medium,true,2026-09-07
honda__civic__civic-viii-sedan__fd-fa,Honda,Civic,Civic VIII — sedan,FD/FA,2005,2012,歐洲市場、年級精度；同世代車身重疊時採本列 scope 的最早起始/最晚結束年,第八、九代歐規 hatch 與 sedan 為不同車體家族，已拆成獨立列；不可僅以 Civic 世代互配。,MEGAPARTS 有 Civic/CR-V 世代化拆車件；2025 年二手登記資料顯示日系品牌合計約 16%，CR-V 亦出現在當地熱門二手車型脈絡。,https://www.megaparts.bg/products/avtochasti/honda/cr-v-i-suv,https://automedia.investor.bg/a/2-novini/63923-eto-nay-tarsenite-koli-na-staro-v-balgariya-prez-2025,Honda Global Heritage — official model archive,https://global.honda/en/heritage/,P1,首版納入：本地可見穩定拆車件供給或車隊基礎，但排序在最高量核心車型之後。,medium,true,2026-09-07
honda__civic__civic-ix-european-hatch__fk,Honda,Civic,Civic IX — European hatch,FK,2011,2017,歐洲市場、年級精度；同世代車身重疊時採本列 scope 的最早起始/最晚結束年,第八、九代歐規 hatch 與 sedan 為不同車體家族，已拆成獨立列；不可僅以 Civic 世代互配。,MEGAPARTS 有 Civic/CR-V 世代化拆車件；2025 年二手登記資料顯示日系品牌合計約 16%，CR-V 亦出現在當地熱門二手車型脈絡。,https://www.megaparts.bg/products/avtochasti/honda/cr-v-i-suv,https://automedia.investor.bg/a/2-novini/63923-eto-nay-tarsenite-koli-na-staro-v-balgariya-prez-2025,Honda Global Heritage — official model archive,https://global.honda/en/heritage/,P1,首版納入：本地可見穩定拆車件供給或車隊基礎，但排序在最高量核心車型之後。,medium,true,2026-09-07
honda__civic__civic-ix-sedan__fb,Honda,Civic,Civic IX — sedan,FB,2011,2016,歐洲市場、年級精度；同世代車身重疊時採本列 scope 的最早起始/最晚結束年,第八、九代歐規 hatch 與 sedan 為不同車體家族，已拆成獨立列；不可僅以 Civic 世代互配。,MEGAPARTS 有 Civic/CR-V 世代化拆車件；2025 年二手登記資料顯示日系品牌合計約 16%，CR-V 亦出現在當地熱門二手車型脈絡。,https://www.megaparts.bg/products/avtochasti/honda/cr-v-i-suv,https://automedia.investor.bg/a/2-novini/63923-eto-nay-tarsenite-koli-na-staro-v-balgariya-prez-2025,Honda Global Heritage — official model archive,https://global.honda/en/heritage/,P1,首版納入：本地可見穩定拆車件供給或車隊基礎，但排序在最高量核心車型之後。,medium,true,2026-09-07
honda__cr-v__cr-v-ii__rd4-rd9,Honda,CR-V,CR-V II,RD4–RD9,2001,2006,歐洲市場、年級精度；同世代車身重疊時採本列 scope 的最早起始/最晚結束年,歐洲 CR-V；汽油/柴油、2WD/4WD 與 facelift 仍需 OE/VIN 配對。,MEGAPARTS 有 Civic/CR-V 世代化拆車件；2025 年二手登記資料顯示日系品牌合計約 16%，CR-V 亦出現在當地熱門二手車型脈絡。,https://www.megaparts.bg/products/avtochasti/honda/cr-v-i-suv,https://automedia.investor.bg/a/2-novini/63923-eto-nay-tarsenite-koli-na-staro-v-balgariya-prez-2025,Honda Global Heritage — official model archive,https://global.honda/en/heritage/,P1,首版納入：本地可見穩定拆車件供給或車隊基礎，但排序在最高量核心車型之後。,high,false,2026-09-07
honda__cr-v__cr-v-iii__re3-re7,Honda,CR-V,CR-V III,RE3–RE7,2006,2012,歐洲市場、年級精度；同世代車身重疊時採本列 scope 的最早起始/最晚結束年,歐洲 CR-V；汽油/柴油、2WD/4WD 與 facelift 仍需 OE/VIN 配對。,MEGAPARTS 有 Civic/CR-V 世代化拆車件；2025 年二手登記資料顯示日系品牌合計約 16%，CR-V 亦出現在當地熱門二手車型脈絡。,https://www.megaparts.bg/products/avtochasti/honda/cr-v-i-suv,https://automedia.investor.bg/a/2-novini/63923-eto-nay-tarsenite-koli-na-staro-v-balgariya-prez-2025,Honda Global Heritage — official model archive,https://global.honda/en/heritage/,P1,首版納入：本地可見穩定拆車件供給或車隊基礎，但排序在最高量核心車型之後。,high,false,2026-09-07
honda__cr-v__cr-v-iv__rm1-rm4,Honda,CR-V,CR-V IV,RM1–RM4,2011,2018,歐洲市場、年級精度；同世代車身重疊時採本列 scope 的最早起始/最晚結束年,歐洲 CR-V；汽油/柴油、2WD/4WD 與 facelift 仍需 OE/VIN 配對。,MEGAPARTS 有 Civic/CR-V 世代化拆車件；2025 年二手登記資料顯示日系品牌合計約 16%，CR-V 亦出現在當地熱門二手車型脈絡。,https://www.megaparts.bg/products/avtochasti/honda/cr-v-i-suv,https://automedia.investor.bg/a/2-novini/63923-eto-nay-tarsenite-koli-na-staro-v-balgariya-prez-2025,Honda Global Heritage — official model archive,https://global.honda/en/heritage/,P1,首版納入：本地可見穩定拆車件供給或車隊基礎，但排序在最高量核心車型之後。,high,false,2026-09-07
fiat__punto__punto-ii__188,Fiat,Punto,Punto II,188,1999,2012,歐洲市場、年級精度；同世代車身重疊時採本列 scope 的最早起始/最晚結束年,Punto II 與 type 199 分開；Grande Punto/Punto Evo/後期 Punto 為 type 199 改名/改款 lineage。,MEGAPARTS 有 Punto/Panda/Doblò 世代化拆車件；MVR 衍生統計把 Fiat 列入保加利亞前十大車隊品牌。,https://www.megaparts.bg/products/avtochasti/fiat/doblo-platform,https://www.pariteni.bg/novini/transport/koi-sa-naj-predpochitanite-marki-koli-u-nas-253893,FCA Heritage — official Fiat archive,https://www.fcaheritage.com/en-uk/heritage,P1,首版納入：本地可見穩定拆車件供給或車隊基礎，但排序在最高量核心車型之後。,high,false,2026-09-07
fiat__punto__grande-punto-punto-evo-punto__199,Fiat,Punto,Grande Punto / Punto Evo / Punto,199,2005,2018,歐洲市場、年級精度；同世代車身重疊時採本列 scope 的最早起始/最晚結束年,Punto II 與 type 199 分開；Grande Punto/Punto Evo/後期 Punto 為 type 199 改名/改款 lineage。,MEGAPARTS 有 Punto/Panda/Doblò 世代化拆車件；MVR 衍生統計把 Fiat 列入保加利亞前十大車隊品牌。,https://www.megaparts.bg/products/avtochasti/fiat/doblo-platform,https://www.pariteni.bg/novini/transport/koi-sa-naj-predpochitanite-marki-koli-u-nas-253893,FCA Heritage — official Fiat archive,https://www.fcaheritage.com/en-uk/heritage,P1,首版納入：本地可見穩定拆車件供給或車隊基礎，但排序在最高量核心車型之後。,medium,true,2026-09-07
fiat__panda__panda-ii__169,Fiat,Panda,Panda II,169,2003,2012,歐洲市場、年級精度；同世代車身重疊時採本列 scope 的最早起始/最晚結束年,僅 Panda II/type 169；4x4 與一般車型的底盤/傳動件需另配。,MEGAPARTS 有 Punto/Panda/Doblò 世代化拆車件；MVR 衍生統計把 Fiat 列入保加利亞前十大車隊品牌。,https://www.megaparts.bg/products/avtochasti/fiat/doblo-platform,https://www.pariteni.bg/novini/transport/koi-sa-naj-predpochitanite-marki-koli-u-nas-253893,FCA Heritage — official Fiat archive,https://www.fcaheritage.com/en-uk/heritage,P1,首版納入：本地可見穩定拆車件供給或車隊基礎，但排序在最高量核心車型之後。,high,false,2026-09-07
fiat__doblo__doblo-i__223,Fiat,Doblò,Doblò I,223,2000,2010,歐洲市場、年級精度；同世代車身重疊時採本列 scope 的最早起始/最晚結束年,passenger/cargo、短/長軸、後門形式需另做 body/variant fitment。,MEGAPARTS 有 Punto/Panda/Doblò 世代化拆車件；MVR 衍生統計把 Fiat 列入保加利亞前十大車隊品牌。,https://www.megaparts.bg/products/avtochasti/fiat/doblo-platform,https://www.pariteni.bg/novini/transport/koi-sa-naj-predpochitanite-marki-koli-u-nas-253893,Fiat/Stellantis Media — official model archive,https://www.media.stellantis.com/em-en/fiat,P2,低排序保留：世代較老、供給較薄或命名/車身邊界需先由本地庫存驗證。,high,false,2026-09-07
fiat__doblo__doblo-ii__263,Fiat,Doblò,Doblò II,263,2009,2022,歐洲市場、年級精度；同世代車身重疊時採本列 scope 的最早起始/最晚結束年,passenger/cargo、短/長軸、後門形式需另做 body/variant fitment。,MEGAPARTS 有 Punto/Panda/Doblò 世代化拆車件；MVR 衍生統計把 Fiat 列入保加利亞前十大車隊品牌。,https://www.megaparts.bg/products/avtochasti/fiat/doblo-platform,https://www.pariteni.bg/novini/transport/koi-sa-naj-predpochitanite-marki-koli-u-nas-253893,Fiat/Stellantis Media — official model archive,https://www.media.stellantis.com/em-en/fiat,P1,首版納入：本地可見穩定拆車件供給或車隊基礎，但排序在最高量核心車型之後。,high,false,2026-09-07
nissan__qashqai__qashqai-i__j10,Nissan,Qashqai,Qashqai I,J10,2006,2013,歐洲市場、年級精度；同世代車身重疊時採本列 scope 的最早起始/最晚結束年,歐洲 Qashqai；J10 的 Qashqai+2 需標長軸/七座，不假設車身件通用。,MEGAPARTS 有 Qashqai/X-Trail/Micra 世代化拆車件；2025 年二手登記資料顯示日系品牌合計約 16%，SUV 世代在本地零件目錄可直接搜尋。,https://www.megaparts.bg/products/avtochasti/nissan/murano-i-suv,https://automedia.investor.bg/a/2-novini/63923-eto-nay-tarsenite-koli-na-staro-v-balgariya-prez-2025,Nissan Heritage Collection — official model archive,https://www.nissan-global.com/EN/HERITAGE_COLLECTION/,P1,首版納入：本地可見穩定拆車件供給或車隊基礎，但排序在最高量核心車型之後。,high,false,2026-09-07
nissan__qashqai__qashqai-ii__j11,Nissan,Qashqai,Qashqai II,J11,2013,2021,歐洲市場、年級精度；同世代車身重疊時採本列 scope 的最早起始/最晚結束年,歐洲 Qashqai；J10 的 Qashqai+2 需標長軸/七座，不假設車身件通用。,MEGAPARTS 有 Qashqai/X-Trail/Micra 世代化拆車件；2025 年二手登記資料顯示日系品牌合計約 16%，SUV 世代在本地零件目錄可直接搜尋。,https://www.megaparts.bg/products/avtochasti/nissan/murano-i-suv,https://automedia.investor.bg/a/2-novini/63923-eto-nay-tarsenite-koli-na-staro-v-balgariya-prez-2025,Nissan Heritage Collection — official model archive,https://www.nissan-global.com/EN/HERITAGE_COLLECTION/,P1,首版納入：本地可見穩定拆車件供給或車隊基礎，但排序在最高量核心車型之後。,high,false,2026-09-07
nissan__x-trail__x-trail-i__t30,Nissan,X-Trail,X-Trail I,T30,2000,2007,歐洲市場、年級精度；同世代車身重疊時採本列 scope 的最早起始/最晚結束年,歐洲 X-Trail；2WD/4WD、座位數與 facelift 需額外配對。,MEGAPARTS 有 Qashqai/X-Trail/Micra 世代化拆車件；2025 年二手登記資料顯示日系品牌合計約 16%，SUV 世代在本地零件目錄可直接搜尋。,https://www.megaparts.bg/products/avtochasti/nissan/murano-i-suv,https://automedia.investor.bg/a/2-novini/63923-eto-nay-tarsenite-koli-na-staro-v-balgariya-prez-2025,Nissan Heritage Collection — official model archive,https://www.nissan-global.com/EN/HERITAGE_COLLECTION/,P1,首版納入：本地可見穩定拆車件供給或車隊基礎，但排序在最高量核心車型之後。,high,false,2026-09-07
nissan__x-trail__x-trail-ii__t31,Nissan,X-Trail,X-Trail II,T31,2007,2013,歐洲市場、年級精度；同世代車身重疊時採本列 scope 的最早起始/最晚結束年,歐洲 X-Trail；2WD/4WD、座位數與 facelift 需額外配對。,MEGAPARTS 有 Qashqai/X-Trail/Micra 世代化拆車件；2025 年二手登記資料顯示日系品牌合計約 16%，SUV 世代在本地零件目錄可直接搜尋。,https://www.megaparts.bg/products/avtochasti/nissan/murano-i-suv,https://automedia.investor.bg/a/2-novini/63923-eto-nay-tarsenite-koli-na-staro-v-balgariya-prez-2025,Nissan Heritage Collection — official model archive,https://www.nissan-global.com/EN/HERITAGE_COLLECTION/,P1,首版納入：本地可見穩定拆車件供給或車隊基礎，但排序在最高量核心車型之後。,high,false,2026-09-07
nissan__x-trail__x-trail-iii__t32,Nissan,X-Trail,X-Trail III,T32,2013,2022,歐洲市場、年級精度；同世代車身重疊時採本列 scope 的最早起始/最晚結束年,歐洲 X-Trail；2WD/4WD、座位數與 facelift 需額外配對。,MEGAPARTS 有 Qashqai/X-Trail/Micra 世代化拆車件；2025 年二手登記資料顯示日系品牌合計約 16%，SUV 世代在本地零件目錄可直接搜尋。,https://www.megaparts.bg/products/avtochasti/nissan/murano-i-suv,https://automedia.investor.bg/a/2-novini/63923-eto-nay-tarsenite-koli-na-staro-v-balgariya-prez-2025,Nissan Heritage Collection — official model archive,https://www.nissan-global.com/EN/HERITAGE_COLLECTION/,P1,首版納入：本地可見穩定拆車件供給或車隊基礎，但排序在最高量核心車型之後。,high,false,2026-09-07
nissan__micra__micra-iii__k12,Nissan,Micra,Micra III,K12,2002,2010,歐洲市場、年級精度；同世代車身重疊時採本列 scope 的最早起始/最晚結束年,歐洲 Micra hatch；區域 sedan 與不同市場變體不納入。,MEGAPARTS 有 Qashqai/X-Trail/Micra 世代化拆車件；2025 年二手登記資料顯示日系品牌合計約 16%，SUV 世代在本地零件目錄可直接搜尋。,https://www.megaparts.bg/products/avtochasti/nissan/murano-i-suv,https://automedia.investor.bg/a/2-novini/63923-eto-nay-tarsenite-koli-na-staro-v-balgariya-prez-2025,Nissan Heritage Collection — official model archive,https://www.nissan-global.com/EN/HERITAGE_COLLECTION/,P1,首版納入：本地可見穩定拆車件供給或車隊基礎，但排序在最高量核心車型之後。,high,false,2026-09-07
nissan__micra__micra-iv__k13,Nissan,Micra,Micra IV,K13,2010,2017,歐洲市場、年級精度；同世代車身重疊時採本列 scope 的最早起始/最晚結束年,歐洲 Micra hatch；區域 sedan 與不同市場變體不納入。,MEGAPARTS 有 Qashqai/X-Trail/Micra 世代化拆車件；2025 年二手登記資料顯示日系品牌合計約 16%，SUV 世代在本地零件目錄可直接搜尋。,https://www.megaparts.bg/products/avtochasti/nissan/murano-i-suv,https://automedia.investor.bg/a/2-novini/63923-eto-nay-tarsenite-koli-na-staro-v-balgariya-prez-2025,Nissan Heritage Collection — official model archive,https://www.nissan-global.com/EN/HERITAGE_COLLECTION/,P2,低排序保留：世代較老、供給較薄或命名/車身邊界需先由本地庫存驗證。,high,false,2026-09-07
